hotspot_id,lat,lon,seg,rides,n_events,max_peak_per_speed,n_rides_seen,rides_covering_segment,status,segment,maps_link,photo_file,defect_type,source
H01,26.189597,91.693678,S4,"rp2_0926_1647,rp3_0927_1146,rp5_0927_1407,rp6_0927_1433",5,25.793699,4,3,confirmed,Library–Core 5,"https://maps.google.com/?q=26.189597,91.693678",,,observed
H02,26.196023,91.694239,S1,"rp2_0926_1647,rp3_0927_1146,rp5_0927_1407,rp6_0927_1433",6,19.135894,4,4,confirmed,Faculty market–Serpentine,"https://maps.google.com/?q=26.196023,91.694239",,,observed
H03,26.189177,91.693970,S4,"rp2_0926_1647,rp3_0927_1146,rp5_0927_1407,rp6_0927_1433",10,16.820995,4,3,confirmed,Library–Core 5,"https://maps.google.com/?q=26.189177,91.693970",,,observed
H04,26.190805,91.693624,S3,"rp2_0926_1647,rp3_0927_1146,rp5_0927_1407,rp6_0927_1433",4,12.313259,4,4,confirmed,New SAC–Library,"https://maps.google.com/?q=26.190805,91.693624",,,observed
H05,26.197272,91.692923,S1,"rp2_0926_1647,rp3_0927_1146,rp5_0927_1407,rp6_0927_1433",4,11.963157,4,4,confirmed,Faculty market–Serpentine,"https://maps.google.com/?q=26.197272,91.692923",,,observed
H06,26.191489,91.694267,S3,"rp2_0926_1647,rp3_0927_1146,rp5_0927_1407,rp6_0927_1433",7,10.453187,4,4,confirmed,New SAC–Library,"https://maps.google.com/?q=26.191489,91.694267",,,observed
H07,26.197014,91.693551,S1,"rp2_0926_1647,rp3_0927_1146,rp5_0927_1407,rp6_0927_1433",5,7.351728,4,4,confirmed,Faculty market–Serpentine,"https://maps.google.com/?q=26.197014,91.693551",,,observed
H08,26.184038,91.695518,S5,"rp3_0927_1146,rp5_0927_1407,rp6_0927_1433",7,23.661845,3,3,confirmed,Core 5–Brahmaputra (backside),"https://maps.google.com/?q=26.184038,91.695518",,,observed
H09,26.186235,91.691704,S4,"rp3_0927_1146,rp5_0927_1407,rp6_0927_1433",8,19.470652,3,3,confirmed,Library–Core 5,"https://maps.google.com/?q=26.186235,91.691704",,,observed
H10,26.186167,91.691224,S4,"rp3_0927_1146,rp5_0927_1407,rp6_0927_1433",6,18.176658,3,3,confirmed,Library–Core 5,"https://maps.google.com/?q=26.186167,91.691224",,,observed
H11,26.186142,91.692389,S4,"rp3_0927_1146,rp5_0927_1407,rp6_0927_1433",8,13.015943,3,3,confirmed,Library–Core 5,"https://maps.google.com/?q=26.186142,91.692389",,,observed
H12,26.186157,91.692788,S4,"rp3_0927_1146,rp5_0927_1407,rp6_0927_1433",5,12.936359,3,3,confirmed,Library–Core 5,"https://maps.google.com/?q=26.186157,91.692788",,,observed
H13,26.186135,91.690700,S4,"rp3_0927_1146,rp5_0927_1407,rp6_0927_1433",5,12.089672,3,3,confirmed,Library–Core 5,"https://maps.google.com/?q=26.186135,91.690700",,,observed
H14,26.187887,91.692870,S4,"rp3_0927_1146,rp5_0927_1407,rp6_0927_1433",9,11.416825,3,3,confirmed,Library–Core 5,"https://maps.google.com/?q=26.187887,91.692870",,,observed
H15,26.186043,91.699978,S5,"rp3_0927_1146,rp5_0927_1407,rp6_0927_1433",6,10.552887,3,3,confirmed,Core 5–Brahmaputra (backside),"https://maps.google.com/?q=26.186043,91.699978",,,observed
H16,26.183763,91.696110,S5,"rp3_0927_1146,rp5_0927_1407,rp6_0927_1433",4,9.567163,3,3,confirmed,Core 5–Brahmaputra (backside),"https://maps.google.com/?q=26.183763,91.696110",,,observed
H17,26.188879,91.693420,S4,"rp3_0927_1146,rp5_0927_1407,rp6_0927_1433",3,8.528936,3,3,confirmed,Library–Core 5,"https://maps.google.com/?q=26.188879,91.693420",,,observed
H18,26.185094,91.698873,S5,"rp3_0927_1146,rp5_0927_1407,rp6_0927_1433",4,8.027158,3,3,confirmed,Core 5–Brahmaputra (backside),"https://maps.google.com/?q=26.185094,91.698873",,,observed
H19,26.193651,91.698959,S2,"rp2_0926_1647,rp3_0927_1146,rp5_0927_1407",9,7.382042,3,3,confirmed,Serpentine–New SAC,"https://maps.google.com/?q=26.193651,91.698959",,,observed
H20,26.195607,91.689043,S1,"rp2_0926_1647,rp5_0927_1407,rp6_0927_1433",3,7.364064,3,4,confirmed,Faculty market–Serpentine,"https://maps.google.com/?q=26.195607,91.689043",,,observed
H21,26.184447,91.697657,S5,"rp3_0927_1146,rp5_0927_1407,rp6_0927_1433",4,6.847234,3,3,confirmed,Core 5–Brahmaputra (backside),"https://maps.google.com/?q=26.184447,91.697657",,,observed
H22,26.197111,91.692096,S1,"rp2_0926_1647,rp3_0927_1146,rp5_0927_1407",6,6.730347,3,4,confirmed,Faculty market–Serpentine,"https://maps.google.com/?q=26.197111,91.692096",,,observed
H23,26.184022,91.696750,S5,"rp3_0927_1146,rp5_0927_1407,rp6_0927_1433",3,6.072515,3,3,confirmed,Core 5–Brahmaputra (backside),"https://maps.google.com/?q=26.184022,91.696750",,,observed
H24,26.196739,91.693871,S1,"rp2_0926_1647,rp3_0927_1146,rp5_0927_1407",4,5.574827,3,4,confirmed,Faculty market–Serpentine,"https://maps.google.com/?q=26.196739,91.693871",,,observed
H25,26.190621,91.693404,S3,"rp2_0926_1647,rp3_0927_1146,rp5_0927_1407",4,5.238603,3,4,confirmed,New SAC–Library,"https://maps.google.com/?q=26.190621,91.693404",,,observed
H26,26.195453,91.698942,S2,"rp2_0926_1647,rp3_0927_1146,rp5_0927_1407",3,4.397348,3,3,confirmed,Serpentine–New SAC,"https://maps.google.com/?q=26.195453,91.698942",,,observed
H27,26.190300,91.693099,S3,"rp3_0927_1146,rp5_0927_1407",2,13.174666,2,4,confirmed,New SAC–Library,"https://maps.google.com/?q=26.190300,91.693099",,,observed
H28,26.196517,91.689903,S1,"rp3_0927_1146,rp5_0927_1407",2,12.348996,2,4,confirmed,Faculty market–Serpentine,"https://maps.google.com/?q=26.196517,91.689903",,,observed
H29,26.184407,91.694921,S5,"rp3_0927_1146,rp5_0927_1407",2,12.148446,2,3,confirmed,Core 5–Brahmaputra (backside),"https://maps.google.com/?q=26.184407,91.694921",,,observed
H30,26.191560,91.696160,S3,"rp2_0926_1647,rp6_0927_1433",3,11.595840,2,4,confirmed,New SAC–Library,"https://maps.google.com/?q=26.191560,91.696160",,,observed
H31,26.184083,91.690200,S5,"rp3_0927_1146,rp5_0927_1407",2,11.252151,2,3,confirmed,Core 5–Brahmaputra (backside),"https://maps.google.com/?q=26.184083,91.690200",,,observed
H32,26.194394,91.699100,S2,"rp3_0927_1146,rp5_0927_1407",2,10.089615,2,3,confirmed,Serpentine–New SAC,"https://maps.google.com/?q=26.194394,91.699100",,,observed
H33,26.186174,91.691982,S4,"rp5_0927_1407,rp6_0927_1433",2,10.040156,2,3,confirmed,Library–Core 5,"https://maps.google.com/?q=26.186174,91.691982",,,observed
H34,26.195913,91.697518,S2,"rp3_0927_1146,rp5_0927_1407",2,9.939826,2,3,confirmed,Serpentine–New SAC,"https://maps.google.com/?q=26.195913,91.697518",,,observed
H35,26.191652,91.695511,S3,"rp3_0927_1146,rp5_0927_1407",5,9.901417,2,4,confirmed,New SAC–Library,"https://maps.google.com/?q=26.191652,91.695511",,,observed
H36,26.194088,91.699048,S2,"rp3_0927_1146,rp5_0927_1407",3,9.456748,2,3,confirmed,Serpentine–New SAC,"https://maps.google.com/?q=26.194088,91.699048",,,observed
H37,26.184612,91.689925,S5,"rp3_0927_1146,rp6_0927_1433",4,8.636755,2,3,confirmed,Core 5–Brahmaputra (backside),"https://maps.google.com/?q=26.184612,91.689925",,,observed
H38,26.196188,91.694068,S1,"rp2_0926_1647,rp3_0927_1146",2,8.403357,2,4,confirmed,Faculty market–Serpentine,"https://maps.google.com/?q=26.196188,91.694068",,,observed
H39,26.196068,91.694633,S1,"rp2_0926_1647,rp6_0927_1433",2,7.555395,2,4,confirmed,Faculty market–Serpentine,"https://maps.google.com/?q=26.196068,91.694633",,,observed
H40,26.187619,91.692900,S4,"rp3_0927_1146,rp6_0927_1433",2,6.811340,2,3,confirmed,Library–Core 5,"https://maps.google.com/?q=26.187619,91.692900",,,observed
H41,26.194801,91.699117,S2,"rp3_0927_1146,rp5_0927_1407",3,6.737453,2,3,confirmed,Serpentine–New SAC,"https://maps.google.com/?q=26.194801,91.699117",,,observed
H42,26.191642,91.696549,S3,"rp3_0927_1146,rp5_0927_1407",5,6.389760,2,4,confirmed,New SAC–Library,"https://maps.google.com/?q=26.191642,91.696549",,,observed
H43,26.196187,91.689086,S1,"rp5_0927_1407,rp6_0927_1433",3,6.128862,2,4,confirmed,Faculty market–Serpentine,"https://maps.google.com/?q=26.196187,91.689086",,,observed
H44,26.184345,91.693631,S5,"rp3_0927_1146,rp5_0927_1407",2,6.125723,2,3,confirmed,Core 5–Brahmaputra (backside),"https://maps.google.com/?q=26.184345,91.693631",,,observed
H45,26.184246,91.689925,S5,"rp3_0927_1146,rp6_0927_1433",2,5.995758,2,3,confirmed,Core 5–Brahmaputra (backside),"https://maps.google.com/?q=26.184246,91.689925",,,observed
H46,26.196758,91.690705,S1,"rp2_0926_1647,rp6_0927_1433",2,5.965565,2,4,confirmed,Faculty market–Serpentine,"https://maps.google.com/?q=26.196758,91.690705",,,observed
H47,26.194990,91.688672,S1,"rp2_0926_1647,rp5_0927_1407",2,5.953198,2,4,confirmed,Faculty market–Serpentine,"https://maps.google.com/?q=26.194990,91.688672",,,observed
H48,26.195959,91.698229,S2,"rp3_0927_1146,rp5_0927_1407",2,5.940000,2,3,confirmed,Serpentine–New SAC,"https://maps.google.com/?q=26.195959,91.698229",,,observed
H49,26.191605,91.696858,S3,"rp3_0927_1146,rp5_0927_1407",3,5.803970,2,4,confirmed,New SAC–Library,"https://maps.google.com/?q=26.191605,91.696858",,,observed
H50,26.185467,91.699429,S5,"rp5_0927_1407,rp6_0927_1433",2,5.734416,2,3,confirmed,Core 5–Brahmaputra (backside),"https://maps.google.com/?q=26.185467,91.699429",,,observed
H51,26.196469,91.694070,S1,"rp3_0927_1146,rp5_0927_1407",2,5.164172,2,4,confirmed,Faculty market–Serpentine,"https://maps.google.com/?q=26.196469,91.694070",,,observed
H52,26.191576,91.694539,S3,"rp2_0926_1647,rp6_0927_1433",3,4.830148,2,4,confirmed,New SAC–Library,"https://maps.google.com/?q=26.191576,91.694539",,,observed
H53,26.188759,91.692930,S4,"rp3_0927_1146,rp5_0927_1407",2,4.809928,2,3,confirmed,Library–Core 5,"https://maps.google.com/?q=26.188759,91.692930",,,observed
H54,26.191679,91.698307,S3,"rp5_0927_1407,rp6_0927_1433",2,4.377344,2,4,confirmed,New SAC–Library,"https://maps.google.com/?q=26.191679,91.698307",,,observed
H55,26.193072,91.698797,S2,"rp3_0927_1146,rp5_0927_1407",2,3.901985,2,3,confirmed,Serpentine–New SAC,"https://maps.google.com/?q=26.193072,91.698797",,,observed
H56,26.186887,91.700606,S5,rp6_0927_1433,1,19.900627,1,3,single-ride,Core 5–Brahmaputra (backside),"https://maps.google.com/?q=26.186887,91.700606",,,observed
H57,26.188081,91.696566,S6,rp2_0926_1647,1,18.314588,1,1,unverified (1 pass),Library–Brahmaputra (direct),"https://maps.google.com/?q=26.188081,91.696566",,,observed
H58,26.184103,91.692326,S5,rp3_0927_1146,1,12.443282,1,3,single-ride,Core 5–Brahmaputra (backside),"https://maps.google.com/?q=26.184103,91.692326",,,observed
H59,26.184696,91.698175,S5,rp6_0927_1433,2,11.974506,1,3,single-ride,Core 5–Brahmaputra (backside),"https://maps.google.com/?q=26.184696,91.698175",,,observed
H60,26.187523,91.699999,S6,rp2_0926_1647,1,9.996853,1,1,unverified (1 pass),Library–Brahmaputra (direct),"https://maps.google.com/?q=26.187523,91.699999",,,observed
H61,26.194758,91.688547,S1,rp6_0927_1433,1,9.892051,1,4,single-ride,Faculty market–Serpentine,"https://maps.google.com/?q=26.194758,91.688547",,,observed
H62,26.189212,91.695598,S6,rp2_0926_1647,2,9.013066,1,1,unverified (1 pass),Library–Brahmaputra (direct),"https://maps.google.com/?q=26.189212,91.695598",,,observed
H63,26.186000,91.691526,S4,rp6_0927_1433,1,8.301721,1,3,single-ride,Library–Core 5,"https://maps.google.com/?q=26.186000,91.691526",,,observed
H64,26.185254,91.699126,S5,rp5_0927_1407,1,7.352672,1,3,single-ride,Core 5–Brahmaputra (backside),"https://maps.google.com/?q=26.185254,91.699126",,,observed
H65,26.186289,91.700164,S5,rp5_0927_1407,1,6.377879,1,3,single-ride,Core 5–Brahmaputra (backside),"https://maps.google.com/?q=26.186289,91.700164",,,observed
H66,26.189819,91.693470,S4,rp2_0926_1647,1,6.175291,1,3,single-ride,Library–Core 5,"https://maps.google.com/?q=26.189819,91.693470",,,observed
H67,26.186611,91.693027,S4,rp6_0927_1433,1,6.123447,1,3,single-ride,Library–Core 5,"https://maps.google.com/?q=26.186611,91.693027",,,observed
H68,26.184059,91.690715,S5,rp5_0927_1407,2,5.968419,1,3,single-ride,Core 5–Brahmaputra (backside),"https://maps.google.com/?q=26.184059,91.690715",,,observed
H69,26.196281,91.695415,S2,rp2_0926_1647,1,5.944390,1,3,single-ride,Serpentine–New SAC,"https://maps.google.com/?q=26.196281,91.695415",,,observed
H70,26.188148,91.695800,S6,rp2_0926_1647,3,5.867324,1,1,unverified (1 pass),Library–Brahmaputra (direct),"https://maps.google.com/?q=26.188148,91.695800",,,observed
H71,26.188094,91.697724,S6,rp2_0926_1647,2,5.728704,1,1,unverified (1 pass),Library–Brahmaputra (direct),"https://maps.google.com/?q=26.188094,91.697724",,,observed
H72,26.189011,91.695805,S6,rp2_0926_1647,1,5.334015,1,1,unverified (1 pass),Library–Brahmaputra (direct),"https://maps.google.com/?q=26.189011,91.695805",,,observed
H73,26.191954,91.698492,S3,rp6_0927_1433,1,5.319151,1,4,single-ride,New SAC–Library,"https://maps.google.com/?q=26.191954,91.698492",,,observed
H74,26.189266,91.695143,S6,rp2_0926_1647,2,5.067961,1,1,unverified (1 pass),Library–Brahmaputra (direct),"https://maps.google.com/?q=26.189266,91.695143",,,observed
H75,26.188533,91.692833,S4,rp6_0927_1433,1,4.964583,1,3,single-ride,Library–Core 5,"https://maps.google.com/?q=26.188533,91.692833",,,observed
H76,26.188109,91.696912,S6,rp2_0926_1647,1,4.878010,1,1,unverified (1 pass),Library–Brahmaputra (direct),"https://maps.google.com/?q=26.188109,91.696912",,,observed
H77,26.186339,91.691479,S4,rp3_0927_1146,1,4.837171,1,3,single-ride,Library–Core 5,"https://maps.google.com/?q=26.186339,91.691479",,,observed
H78,26.183736,91.695798,S5,rp5_0927_1407,1,4.765998,1,3,single-ride,Core 5–Brahmaputra (backside),"https://maps.google.com/?q=26.183736,91.695798",,,observed
H79,26.191606,91.695768,S3,rp5_0927_1407,1,4.587339,1,4,single-ride,New SAC–Library,"https://maps.google.com/?q=26.191606,91.695768",,,observed
H80,26.188122,91.697179,S6,rp2_0926_1647,1,4.408018,1,1,unverified (1 pass),Library–Brahmaputra (direct),"https://maps.google.com/?q=26.188122,91.697179",,,observed
H81,26.195915,91.698712,S2,rp3_0927_1146,1,4.380176,1,3,single-ride,Serpentine–New SAC,"https://maps.google.com/?q=26.195915,91.698712",,,observed
H82,26.187559,91.699498,S6,rp2_0926_1647,1,4.376196,1,1,unverified (1 pass),Library–Brahmaputra (direct),"https://maps.google.com/?q=26.187559,91.699498",,,observed
H83,26.195972,91.696964,S2,rp2_0926_1647,1,4.193125,1,3,single-ride,Serpentine–New SAC,"https://maps.google.com/?q=26.195972,91.696964",,,observed
H84,26.184904,91.698560,S5,rp5_0927_1407,1,3.994090,1,3,single-ride,Core 5–Brahmaputra (backside),"https://maps.google.com/?q=26.184904,91.698560",,,observed
H85,26.184482,91.694114,S5,rp6_0927_1433,1,3.937917,1,3,single-ride,Core 5–Brahmaputra (backside),"https://maps.google.com/?q=26.184482,91.694114",,,observed
H86,26.184342,91.697429,S5,rp6_0927_1433,1,3.449765,1,3,single-ride,Core 5–Brahmaputra (backside),"https://maps.google.com/?q=26.184342,91.697429",,,observed
H87,26.196649,91.690278,S1,rp6_0927_1433,1,3.384929,1,4,single-ride,Faculty market–Serpentine,"https://maps.google.com/?q=26.196649,91.690278",,,observed
H88,26.187744,91.698638,S6,rp2_0926_1647,1,3.346743,1,1,unverified (1 pass),Library–Brahmaputra (direct),"https://maps.google.com/?q=26.187744,91.698638",,,observed
