photo,time,lat,lon,segment,nearest_hotspot,hotspot_dist_m,hotspot_status
IMG_2524.jpg,2026:09:27 14:33:56,26.19499,91.688765,Faculty market–Serpentine,H47,9.3,confirmed
IMG_2525.jpg,2026:09:27 14:37:08,26.196683,91.693973,Faculty market–Serpentine,H24,12.0,confirmed
IMG_2526.jpg,2026:09:27 14:37:56,26.196011,91.694268,Faculty market–Serpentine,H02,3.2,confirmed
IMG_2527.jpg,2026:09:27 14:45:39,26.18998,91.693396,Library–Core 5,H66,19.4,single-ride
IMG_2528.jpg,2026:09:27 14:46:00,26.18998,91.693396,Library–Core 5,H66,19.4,single-ride
IMG_2529.jpg,2026:09:27 14:46:01,26.18998,91.693396,Library–Core 5,H66,19.4,single-ride
IMG_2530.jpg,2026:09:27 14:47:28,26.188474,91.692817,Library–Core 5,H75,6.7,single-ride
IMG_2531.jpg,2026:09:27 14:48:02,26.18797,91.692821,Library–Core 5,H14,10.5,confirmed
IMG_2532.jpg,2026:09:27 14:48:03,26.18797,91.692821,Library–Core 5,H14,10.5,confirmed
IMG_2533.jpg,2026:09:27 14:49:22,26.186141,91.692677,Library–Core 5,H12,11.2,confirmed
IMG_2534.jpg,2026:09:27 14:49:23,26.186141,91.692677,Library–Core 5,H12,11.2,confirmed
IMG_2535.jpg,2026:09:27 14:49:59,26.186173,91.692254,Library–Core 5,H11,13.9,confirmed
IMG_2536.jpg,2026:09:27 14:49:59,26.186173,91.692254,Library–Core 5,H11,13.9,confirmed
IMG_2537.jpg,2026:09:27 14:50:42,26.186109,91.691816,Library–Core 5,H09,17.9,confirmed
IMG_2538.jpg,2026:09:27 14:50:43,26.186109,91.691816,Library–Core 5,H09,17.9,confirmed
IMG_2539.jpg,2026:09:27 14:53:11,26.184101,91.690498,Core 5–Brahmaputra (backside),H68,22.1,single-ride
IMG_2541.jpg,2026:09:27 14:54:23,26.184139,91.692445,Core 5–Brahmaputra (backside),H58,12.5,single-ride
IMG_2542.jpg,2026:09:27 14:55:57,26.18435,91.694948,Core 5–Brahmaputra (backside),H29,6.9,confirmed
IMG_2543.jpg,2026:09:27 14:56:43,26.183979,91.69552,Core 5–Brahmaputra (backside),H08,6.5,confirmed
IMG_2544.jpg,2026:09:27 14:56:45,26.183979,91.69552,Core 5–Brahmaputra (backside),H08,6.5,confirmed
IMG_2545.jpg,2026:09:27 14:58:12,26.184521,91.697794,Core 5–Brahmaputra (backside),H21,16.0,confirmed
IMG_2546.jpg,2026:09:27 14:59:37,26.185917,91.699861,Core 5–Brahmaputra (backside),H15,18.2,confirmed
IMG_2547.jpg,2026:09:27 14:59:38,26.185917,91.699861,Core 5–Brahmaputra (backside),H15,18.2,confirmed
