"Time (s)","X (m/s^2)","Y (m/s^2)","Z (m/s^2)"
-1.450250000E-3,1.090482330E0,3.632047119E0,9.166937256E0
2.001423125E0,-1.791624298E0,3.663631439E0,9.010961609E0
4.004292167E0,-1.362167358E-1,4.218377838E0,9.818981323E0
6.007158375E0,-6.280938721E-1,1.706451416E0,1.004785538E1
8.010022125E0,-6.468049622E-1,1.088237000E0,1.271291336E1
1.001288325E1,-2.948867798E-1,3.248095551E0,9.188642120E0
1.201574188E1,1.329535217E0,7.574548645E0,7.426506500E0
1.401859837E1,1.263522491E0,1.117216736E1,6.429579620E0
1.602145150E1,1.135838013E0,3.172652435E0,1.037522461E1
1.802430129E1,2.338137817E-1,5.179678802E0,6.816524963E0
2.002715050E1,4.306544495E-1,4.878205719E0,7.054080963E0
2.202999700E1,3.585044861E-1,5.909860382E0,3.374133453E0
2.403284363E1,1.794468384E0,3.525169373E0,1.025846741E1
2.603568912E1,9.683363342E-1,-6.625073090E0,2.941308517E1
2.803853292E1,-2.718347168E-1,1.971550140E0,8.919202423E0
3.004137642E1,1.351689148E-1,3.179987183E0,1.020921982E1
3.204421825E1,2.122586060E-1,2.041155396E0,1.128578110E1
3.404705837E1,-2.038760376E-1,3.287763062E0,8.220156097E0
3.604989813E1,-1.812730408E-1,4.527934113E0,7.346423035E0
3.805273754E1,6.212081909E-2,2.547851715E0,1.201251984E1
4.005557400E1,-1.279988251E0,3.999532928E0,8.170609131E0
4.205841200E1,6.716532898E-1,3.627406769E0,9.522597656E0
4.406124813E1,-2.474354553E-1,2.976111145E0,1.030681686E1
4.606408479E1,-1.374142456E-1,2.715652771E0,8.462502136E0
4.806692050E1,-4.017645264E-1,2.737657013E0,6.142027588E0
5.006975579E1,-7.005432129E-1,3.569177856E0,8.209079132E0
5.207259275E1,2.704875183E-1,1.410367126E0,1.334714447E1
5.407543004E1,9.400451660E-2,1.871857452E0,1.008632538E1
5.607826700E1,4.065545654E-1,5.441184998E-1,7.498955841E0
5.808110463E1,4.489164734E-1,3.031046906E0,9.904154205E0
6.008394117E1,-2.523751831E-1,2.179318085E0,9.555379486E0
6.208677604E1,1.874851227E0,5.898184662E0,6.412515106E0
6.408961213E1,-1.032852173E-2,1.831142120E0,9.834698639E0
6.609244763E1,-1.244811401E0,2.582130432E0,7.177125092E0
6.809528200E1,5.861810303E-1,2.122136993E0,1.140149048E1
7.009811754E1,1.133742371E0,2.803370361E0,9.781110077E0
7.210095200E1,1.792971497E0,6.010900269E0,1.073627380E1
7.410378725E1,-7.458988953E-1,3.799548798E0,8.131390686E0
7.610662125E1,3.957769775E-1,2.916535034E0,8.427774353E0
7.810945500E1,3.442840576E-1,2.244582367E0,9.550140381E0
8.011228975E1,8.217910767E-1,2.858006744E0,9.187893677E0
8.211512238E1,1.055305481E-1,3.951931915E0,1.068747528E1
8.411795588E1,-1.929487610E-1,3.498524780E0,8.654852142E0
8.612078588E1,-6.924600220E-1,3.303630066E0,9.409133606E0
8.812361375E1,2.477348328E-1,2.967878265E0,8.901090088E0
9.012644225E1,-2.335144043E-2,3.165916443E0,8.290659485E0
9.212926729E1,-4.243675232E-1,4.807103577E0,6.438860321E0
9.413209038E1,8.361611938E-1,3.207080841E0,9.750573578E0
9.613491217E1,-5.683680725E-1,3.949536896E0,7.710166626E0
9.813773188E1,-2.779719543E-1,3.263812866E0,8.616531830E0
1.001405509E2,-5.641767883E-1,4.053869934E0,1.087264023E1
1.021433669E2,2.788700867E-1,3.502865753E0,1.031011002E1
1.041461819E2,3.608995056E-1,2.622995453E0,1.092084000E1
1.061489963E2,8.620573425E-1,2.189047852E0,9.843380585E0
1.081518104E2,2.811154175E-1,4.886588287E0,7.514972534E0
1.101546231E2,5.999523926E-1,1.715732117E0,1.158875107E1
1.121574353E2,-1.472787323E0,2.829565887E0,1.018467087E1
1.141602450E2,-1.158740387E0,2.930755463E0,8.551417236E0
1.161630533E2,-1.618584137E0,3.817212067E0,9.776469727E0
1.181658610E2,-3.020718384E-1,3.563639374E0,8.481662292E0
1.201686664E2,7.312294006E-1,6.662495270E0,7.766299896E0
1.221714724E2,-2.492317200E-1,4.224664764E0,8.815767517E0
1.241742770E2,5.081932068E-1,4.540807343E0,9.576335907E0
1.261770822E2,-5.578898621E-1,3.699107666E0,1.163051422E1
1.281798850E2,-4.349954224E-1,3.939807129E0,1.071022797E1
1.301826869E2,-1.991907806E0,3.827091522E0,9.210047607E0
1.321854884E2,-1.501377869E-1,2.402803345E0,1.378169083E1
1.341882889E2,-1.261576538E0,3.878734131E0,8.490044861E0
1.361910885E2,-5.653742981E-1,6.255491638E-1,1.472862167E1
1.381938860E2,6.788383484E-1,3.774999847E0,7.941585388E0
1.401966843E2,-7.572752380E-1,3.270548859E0,9.374106445E0
1.421994801E2,6.209088135E-1,4.394262085E0,7.927963715E0
1.442022776E2,9.563612366E-1,3.020568695E0,1.048404831E1
1.462050742E2,-1.694326630E0,3.871100006E0,8.702453156E0
1.482078723E2,-2.869532776E-1,3.008743286E0,1.029603928E1
1.502106715E2,1.023870850E-1,3.853885803E0,8.412206726E0
1.522134706E2,1.160237274E0,2.777324524E0,9.058412933E0
1.542162694E2,8.909472656E-1,3.337459717E0,9.167236633E0
1.562190694E2,-1.473835144E0,3.786376190E0,9.135802002E0
1.582218693E2,-2.706372070E-1,3.184028778E0,8.689729614E0
1.602246684E2,2.001338196E-1,3.872147827E0,9.131161652E0
1.622274682E2,1.787283325E-1,3.736978912E0,9.031768341E0
1.642302680E2,-2.528242493E-1,3.034040680E0,8.721014557E0
1.662330682E2,1.275347900E-1,4.564009094E0,9.416618042E0
1.682358699E2,-4.174818420E-1,3.658092957E0,1.148486710E1
1.702386738E2,-1.206341400E0,1.635199585E0,1.288715103E1
1.722414797E2,-8.256829834E-1,3.561244354E0,1.191866501E1
1.742442860E2,-5.155279541E-1,6.819818115E-1,1.000624191E1
1.762470926E2,-1.747316437E0,3.657045135E0,8.760083313E0
1.782498991E2,-7.318281555E-1,5.362149353E0,7.568411407E0
1.802527058E2,5.140310669E-1,2.848875732E0,1.060679306E1
1.822555110E2,-2.905458069E-1,2.656226349E0,9.546547852E0
1.842583174E2,7.752378845E-1,4.854255524E0,8.028554535E0
1.862611217E2,-4.787045288E-1,2.719993744E0,8.515491943E0
1.882639267E2,6.408174133E-1,3.767665100E0,8.686735840E0
1.902667333E2,5.632786560E-1,4.357139282E0,5.497467957E0
1.922695400E2,1.042282562E0,4.438120880E0,9.577832794E0
1.942723485E2,2.257305908E-1,2.386337585E0,1.131242569E1
1.962751585E2,-8.562194824E-2,-1.545536041E0,1.266471359E1
1.982779693E2,6.807843018E-1,2.033521271E0,8.594527588E0
2.002807820E2,-3.604504395E-1,3.075803833E0,9.042994995E0
2.022835959E2,-1.089284821E0,4.064946899E0,6.180647278E0
2.042864115E2,-6.692582703E-1,3.237617340E0,1.000414627E1
2.062892268E2,4.354444885E-1,3.323838043E0,1.073088501E1
2.082920435E2,-4.667294312E-1,3.046165466E0,9.426796875E0
2.102948582E2,-1.023870850E-1,3.816014557E0,1.121737335E1
2.122976740E2,-3.941304016E-1,6.349795532E-1,1.327230011E1
2.143004916E2,1.058898010E0,4.726121979E0,7.351811829E0
2.163033095E2,-4.528083801E-1,3.456462250E0,1.013347733E1
2.183061278E2,-1.236877899E0,2.332898712E0,1.016551071E1
2.203089488E2,-1.514849854E-1,5.670208740E-1,1.029813492E1
2.223117711E2,-3.136577454E0,4.094734955E0,1.122904907E1
2.243145933E2,-4.349954224E-1,3.058589630E0,8.297245789E0
2.263174174E2,-1.240470428E0,2.167193298E0,9.576485596E0
2.283202415E2,-1.291214905E0,3.551065521E0,7.568261719E0
2.303230669E2,1.222208405E0,4.055666199E0,9.709109802E0
2.323258906E2,4.230203247E-1,3.879033508E0,9.641450500E0
2.343287132E2,-1.546284485E-1,4.711751862E0,8.615034943E0
2.363315349E2,4.761598206E-1,4.315376129E0,7.604486389E0
2.383343564E2,2.580633545E-1,-3.228935394E0,1.748094818E1
2.403371759E2,-6.867718506E-1,2.625091095E0,1.172242310E1
2.423399939E2,2.035766602E-2,3.899690552E0,7.720794525E0
2.443428104E2,1.170565796E-1,2.876568146E0,8.277935944E0
2.463456248E2,-1.621128845E-1,6.185886383E0,5.759572906E0
2.483484352E2,8.156538391E-1,5.998775482E0,6.681505737E0
2.503512460E2,1.733395386E-1,4.514013062E0,6.989265747E0
2.523540557E2,-1.172062683E-1,1.391057281E0,1.166898422E1
2.543568636E2,-1.275347900E0,6.262077942E0,7.155270538E0
2.563596689E2,4.799020386E-1,4.962480469E0,8.805738373E0
2.583624729E2,-1.017284546E0,2.649041290E0,9.025631104E0
2.603652773E2,6.143225098E-1,3.760629730E0,9.786798248E0
2.623680792E2,-3.453318787E-1,5.770500183E0,4.841681671E0
2.643708794E2,-9.114546204E-1,7.141199799E0,5.623805237E0
2.663736784E2,-1.320553894E0,3.340453491E0,8.522677002E0
2.683764750E2,4.733157349E-1,4.162094879E0,9.313632202E0
2.703792710E2,1.595232697E0,2.476899261E0,8.830437012E0
2.723820663E2,8.162525940E-1,2.417772217E0,9.072783051E0
2.743848606E2,1.380130005E0,5.091362457E0,8.627010040E0
2.763876535E2,-9.999206543E-2,3.256478119E0,8.905880127E0
2.783904467E2,8.259823608E-1,4.594695282E0,1.009560608E1
2.803932387E2,-7.999365234E-1,2.771786041E0,1.069765411E1
2.823960329E2,-1.571731567E-2,3.192111969E0,9.727371826E0
2.841260155E2,1.558858337E0,4.155957642E0,9.342971191E0
2.861288085E2,9.280700684E-2,3.359463959E0,9.136101379E0
2.881315987E2,-9.889933777E-1,3.113824768E0,1.062715073E1
2.901343898E2,-1.165476379E0,3.387755127E0,9.787696381E0
2.921371793E2,-6.203100586E-1,2.635269928E0,9.121282196E0
2.941399692E2,7.759863281E-1,5.087021484E0,8.317154388E0
2.961427587E2,-1.529818726E-1,3.315006409E0,6.139632568E0
2.981455487E2,-1.294807434E-1,3.773652649E0,9.525591431E0
3.001483403E2,-2.236349487E-1,4.982239380E0,6.518494720E0
3.021511309E2,1.248403931E-1,5.583239594E0,7.315138092E0
3.041539223E2,-9.792636108E-1,3.617227936E0,7.900121613E0
3.061567135E2,1.173709259E0,2.791844330E0,1.134326157E1
3.081595017E2,-8.896000671E-1,4.533472595E0,7.063511353E0
3.101622907E2,-7.023394775E-1,2.901865540E0,8.026309204E0
3.121650783E2,-4.637356567E-1,1.926493835E0,9.210646362E0
3.141678644E2,-4.605921936E-1,3.618575134E0,9.541608124E0
3.161706492E2,-9.707313538E-1,3.397933960E0,8.684191132E0
3.181734335E2,-1.090332642E0,3.478316803E0,9.111702118E0
3.201762192E2,4.743635559E-1,4.358935547E0,9.950707397E0
3.221790032E2,6.451583862E-2,3.931723938E0,9.057065735E0
3.241817867E2,-6.562353516E-1,4.030368805E0,1.012195129E1
3.261845703E2,-7.589218140E-1,4.091142426E0,7.726333008E0
3.281873530E2,9.321116638E-1,3.725901947E0,8.199049988E0
3.301901350E2,8.406518555E-1,4.687651978E0,7.517966309E0
3.321929172E2,-2.794688416E-1,2.344574432E0,1.198617462E1
3.341956982E2,2.374661865E0,2.770438843E0,1.271725433E1
3.361984802E2,-7.780819702E-1,3.853736115E0,6.989116058E0
3.382012619E2,-6.454577637E-1,4.153263245E0,6.820865936E0
3.402040448E2,1.023421783E0,2.826123047E0,1.038435562E1
3.422068297E2,4.056564331E-2,5.611081696E0,5.884562988E0
3.442096172E2,2.390528870E-1,5.766458588E0,6.093678131E0
3.462124047E2,-1.362017670E0,4.111500092E0,9.153465271E0
3.482151917E2,-1.496887207E-2,2.712658997E0,8.957073669E0
3.502179800E2,1.525328064E-1,5.427713013E0,6.781497803E0
3.522207683E2,2.504292297E-1,2.601589966E-1,1.389874741E1
3.542235560E2,-6.107299805E-2,3.539240112E0,9.198820953E0
3.562263455E2,3.379971313E-1,3.247796173E0,8.052804108E0
3.582291333E2,-3.121009827E-1,4.370012512E0,9.527088318E0
3.602319209E2,-6.119274902E-1,3.096760254E0,9.762848053E0
3.622347095E2,-2.453398132E-1,1.944007416E0,8.813372498E0
3.642374970E2,-9.021739197E-1,3.730691986E0,8.778045959E0
3.662402859E2,5.643264771E-2,2.862497406E0,9.429191895E0
3.682430749E2,3.088078308E-1,4.064348145E0,9.221723328E0
3.702458631E2,-9.163943481E-1,2.939587097E0,9.000932465E0
3.722486507E2,4.547543335E-1,3.562890930E0,1.052266800E1
3.742514399E2,-5.917195129E-1,3.913611603E0,1.085737198E1
3.762542285E2,1.202150116E0,3.456162872E0,1.104612946E1
3.782570172E2,6.866221619E-1,3.713627472E0,6.596931610E0
3.788381801E2,5.995033264E-1,3.184328156E0,9.992021484E0
3.808409740E2,-6.137237549E-1,3.232527924E0,9.274563446E0
3.828437746E2,-4.969665527E-2,3.606001282E0,9.453591156E0
3.848465813E2,-1.020877075E-1,2.814746704E0,1.072220306E1
3.868493926E2,-3.390449524E-1,4.623136139E0,8.836125183E0
3.888522051E2,-3.135978699E-1,4.747377777E0,6.589896240E0
3.908550188E2,5.023553467E-1,4.188440094E0,1.394619873E1
3.928578327E2,9.280700684E-3,3.741918640E0,8.951385498E0
3.948606457E2,-7.075785828E-1,3.880680084E0,7.791297913E0
3.968634580E2,-8.421487427E-1,4.556674347E0,7.686964874E0
3.988662672E2,-6.271957397E-1,3.235521698E0,9.346264343E0
4.008690758E2,-1.287023621E0,3.310515747E0,9.073681183E0
4.028718800E2,-4.046086121E-1,4.852010193E0,5.672603760E0
4.048746833E2,-7.155120850E-2,2.204615479E0,1.151390671E1
4.068774851E2,2.562670898E-1,3.675606537E0,1.005159760E1
4.088802864E2,1.780547333E0,3.181633759E0,4.702022095E0
4.108830845E2,-3.543132019E-1,2.711611176E0,1.064631088E1
4.128858804E2,2.723436584E0,1.090108109E1,-4.743934937E0
4.148886738E2,-3.514691162E-1,2.562521210E0,1.059930862E1
4.168914648E2,-2.212698669E0,3.700454865E0,9.104067993E0
4.188942541E2,-1.021026764E0,2.855462036E0,8.739426270E0
4.208970435E2,8.083190918E-2,4.612208862E0,7.876321106E0
4.228998304E2,7.035369873E-2,3.311413879E0,1.024709106E1
4.249026172E2,-2.070195007E-1,3.540587311E0,8.796307983E0
4.269054043E2,1.924996948E-1,1.657353516E0,1.027882507E1
4.289081895E2,4.999603271E-2,2.845283203E0,9.648485870E0
4.309109721E2,4.972659302E-1,1.382674713E0,1.038345749E1
4.329137532E2,2.775228882E-1,4.416565704E0,9.909692688E0
4.349165318E2,-5.007087708E-1,3.502716064E-1,1.216205887E1
4.369193107E2,2.414479065E-1,5.981411591E0,5.206922150E0
4.389220850E2,-3.382965088E-1,1.714085541E0,7.533983002E0
4.409248600E2,-7.569758606E-1,6.232589264E0,1.030217651E1
4.429276332E2,3.748205566E-1,6.021378479E0,8.174051971E0
4.449304043E2,-6.661148071E-1,2.271526337E0,1.069091812E1
4.469331751E2,1.854643250E-1,8.167315979E0,4.478536835E0
4.489359436E2,-2.149530029E-1,6.789880371E-1,1.290346710E1
4.509387103E2,5.740562439E-1,3.195854187E0,1.116378479E1
4.529414751E2,-8.655001831E-1,5.239554291E0,8.856183472E0
4.549442383E2,-1.579964447E0,-3.758234711E0,2.023192749E1
4.569469991E2,1.568737793E0,5.186863861E0,8.829538879E0
4.589497591E2,1.589544525E0,4.458179169E0,8.060288544E0
4.609525182E2,1.058299255E-1,2.597099304E0,9.811796265E0
4.629552746E2,1.746867371E-1,3.300037537E0,9.077573090E0
4.649580322E2,8.765771484E-1,2.130220184E0,8.710236969E0
4.669607883E2,2.483186188E0,6.389313354E0,7.039261780E0
4.689635433E2,1.544937286E0,4.122577057E0,8.894803162E0
4.709662968E2,-1.773811340E-1,6.633156281E0,7.424111481E0
4.729690489E2,6.921606445E-1,6.427783356E0,4.958738251E0
4.749718006E2,1.854493561E0,3.187920685E0,9.765243073E0
4.769745490E2,-1.254990234E0,2.019600220E0,8.230933685E0
4.789772993E2,-9.434880066E-1,6.351142731E0,4.234544220E0
4.809800498E2,5.334906006E-1,3.408112793E0,8.998986511E0
4.829827988E2,-9.605525208E-1,4.665348358E0,8.180039520E0
4.849855463E2,-9.466314697E-1,2.633922729E0,1.095736404E1
4.869882937E2,-1.749861145E0,5.152285767E-1,1.129551086E1
4.889910413E2,-1.879790955E0,-2.844684448E0,1.676648392E1
4.909937883E2,1.603764954E0,6.622678070E0,8.085136871E0
4.929965341E2,-9.369017029E-1,7.123686218E0,5.338348846E0
4.949992815E2,-1.399439850E0,-4.066144409E0,1.538919800E1
4.970020326E2,-6.762936401E-1,-3.704346771E0,2.273457321E1
4.990047884E2,-2.742297363E-1,2.035467224E0,8.573122101E0
4.991258492E2,-1.498384094E0,4.655169525E0,7.379803619E0
5.011435910E2,-1.045276337E0,2.748135223E0,1.035396881E1
5.031613497E2,4.646337891E-1,5.409750366E0,5.984854431E0
5.051791230E2,-4.334985352E-1,5.412594452E0,6.653513947E0
5.071969085E2,-1.886077881E-2,9.567803650E0,5.046455841E0
5.092147035E2,-1.078956299E0,-1.145118713E0,1.097472794E1
5.112325045E2,-1.640738068E0,-1.838776245E0,1.502096375E1
5.132341138E2,6.135740662E-1,-2.842588806E-1,1.089823700E1
5.152369723E2,-1.175655212E0,3.752995605E0,9.859696655E0
5.172398339E2,-2.736309814E-1,6.304140472E0,8.028105469E0
5.192426970E2,1.008602600E0,2.897674255E0,1.063703018E1
5.212455628E2,1.581611023E0,6.535559235E0,7.047794037E0
5.232484273E2,4.156855774E-1,3.186274109E0,8.742120667E0
5.252512896E2,9.240284729E-1,5.050647125E0,1.435948929E1
5.272541503E2,7.722441101E-1,2.280507660E0,9.339827728E0
5.292570075E2,-9.949809265E-1,5.210065613E0,6.743027802E0
5.312598585E2,6.197113037E-2,5.877826996E0,8.031548309E0
5.332627039E2,3.083587646E-2,5.229525146E0,7.318880310E0
5.352655417E2,-7.559280396E-2,3.070714417E0,8.494086456E0
5.372683734E2,-7.435038757E-1,3.506907349E0,9.123078461E0
5.392711996E2,-2.022294617E-1,4.116739197E0,8.461304626E0
5.412740194E2,-3.713777161E-1,4.050726471E0,9.106313324E0
5.432768350E2,7.912545776E-1,4.370760956E0,9.398056641E0
5.452796453E2,3.128494263E-1,3.527265015E0,9.642498322E0
5.472824527E2,-1.761686554E0,1.350791016E0,1.242775635E1
5.492852554E2,-9.428892517E-1,2.869981842E0,1.045515839E1
5.512880572E2,-4.561015320E-1,3.448079681E0,9.127419434E0
5.532908549E2,-3.688330078E-1,4.096830597E0,7.987240448E0
5.552936475E2,5.703140259E-2,3.822600861E0,8.239915009E0
5.572964380E2,5.263055420E-1,4.347409515E0,8.633895721E0
5.592992228E2,2.881507874E-1,2.908900909E0,7.968529358E0
5.613020033E2,-1.983375549E-1,2.945574646E0,9.957593079E0
5.633047797E2,1.823208618E-1,2.906954956E0,8.918603668E0
5.653075518E2,4.364923096E-1,3.809428253E0,6.662644958E0
5.673103197E2,2.673440552E-1,2.215243378E0,1.056398209E1
5.693130831E2,-1.227746887E0,4.077820129E0,8.196954346E0
5.713158444E2,-1.153501282E0,3.807033234E0,9.155111847E0
5.733186015E2,8.499325562E-1,3.539389801E0,8.700507202E0
5.753213543E2,6.530918884E-1,5.657485199E0,7.849975891E0
5.773241022E2,-1.266366577E-1,4.719835052E0,9.724078674E0
5.793268475E2,4.487667847E-1,2.248174896E0,8.606203308E0
5.813295902E2,-2.963836670E-2,3.953578491E0,8.976383514E0
5.833323277E2,-5.156776428E-1,2.898572388E0,9.998757477E0
5.853350624E2,-4.372407532E-1,3.761078796E0,8.924890594E0
5.873377930E2,-1.745370483E-1,3.926185455E0,7.492668915E0
5.893405213E2,6.942562866E-1,4.171824646E0,1.261411880E1
5.913432467E2,-2.360890503E0,1.685644684E0,9.978399811E0
5.933459682E2,-7.249424744E-1,1.911075897E0,1.117246674E1
5.953486882E2,-1.346450043E0,4.055067444E0,1.083656525E1
5.973514086E2,5.864804077E-1,3.088677063E0,7.396568756E0
5.993541257E2,-1.427581329E0,7.373516693E0,7.084018707E0
6.013568397E2,-6.442602539E-1,7.478448486E-1,1.136466705E1
6.033595530E2,-1.535955963E0,4.326004028E-2,1.221714432E1
6.053622632E2,1.779499512E0,4.856051788E0,2.014361115E0
6.073649737E2,-3.067121887E-1,3.791615295E0,9.477541351E0
6.093676827E2,-2.736309814E-1,2.273322601E0,9.574090576E0
6.113703930E2,-2.929408264E-1,4.195625153E0,9.740095367E0
6.133731047E2,1.520837402E-1,3.478765869E0,9.003626862E0
6.153758219E2,-5.155279541E-1,2.754871216E0,8.317004700E0
6.173785431E2,-8.337661743E-2,4.081712036E0,7.950566711E0
6.193812672E2,-4.183799744E-1,2.747087402E0,1.043569885E1
6.213839921E2,-5.611830139E-1,2.652484131E0,1.072325089E1
6.233867173E2,-2.588117981E-1,3.411256256E0,9.204209747E0
6.253894415E2,-8.210426331E-1,3.712130585E0,8.384813690E0
6.273921634E2,-2.148033142E-1,3.659140778E0,8.906179504E0
6.293948846E2,-5.269042969E-2,4.331542511E0,8.509953461E0
6.313976040E2,1.788780212E-1,4.138144684E0,8.184380493E0
6.334003232E2,6.475534058E-1,4.407584381E0,7.363637238E0
6.354030410E2,-6.227050781E-1,3.530707855E0,1.032687515E1
6.374057563E2,-2.368075562E-1,8.800499268E0,1.101514389E1
6.394084709E2,5.992039490E-1,3.418441315E0,1.106843307E1
6.414111821E2,-1.039438477E0,8.705895996E0,4.917573853E0
6.434138927E2,6.732998657E-1,4.478387146E0,1.094733490E1
6.454166004E2,2.190095673E0,6.746320953E0,6.343358917E0
6.474193067E2,1.688488770E-1,5.170996857E0,7.850874023E0
6.494220107E2,-1.562750244E-1,3.305426331E0,1.119192627E1
6.514247112E2,-2.248324585E-1,3.301684113E0,5.632038116E0
6.534274097E2,2.967878265E0,5.873036957E0,7.587721252E0
6.554301062E2,-9.487271118E-1,1.594334564E0,8.320297852E0
6.574328018E2,-1.296154633E0,2.730921021E0,1.019020935E1
6.594354940E2,-3.852987671E-1,2.910846863E0,1.001163071E1
6.614381859E2,6.315367126E-1,4.828658752E0,9.500443726E0
6.634408757E2,-8.187973022E-2,3.710633698E0,7.096293182E0
6.654435625E2,1.344803467E0,3.622467041E0,1.134550690E1
6.674462503E2,8.434959412E-1,4.316124573E0,1.104927292E1
6.694489363E2,-6.068380737E-1,2.175126801E0,8.775201874E0
6.714516223E2,-1.517843628E-1,2.676883392E0,8.553213501E0
6.734543055E2,-3.459306335E-1,2.072440338E0,1.034049683E1
6.754569885E2,-6.982978821E-1,5.821394348E-1,9.745633850E0
6.774596698E2,-6.301895142E-1,2.756368103E0,1.053479279E1
6.794623507E2,-7.617658997E-1,6.040688324E0,5.837560730E0
6.814650310E2,-1.440005493E-1,4.131408691E0,8.142767029E0
6.834677127E2,1.657503204E0,5.124892731E0,7.865842896E0
6.854703949E2,-5.770500183E-1,-5.953120422E-1,1.629391663E1
6.874730776E2,4.908293152E-1,6.106251984E0,6.770271149E0
6.894757626E2,-1.660047913E-1,2.658920746E0,8.139174500E0
6.914784460E2,6.685098267E-1,3.822301483E0,8.505013733E0
6.934811315E2,6.870712280E-2,2.387086029E0,1.131976044E1
6.954838163E2,-5.053491211E-1,3.375330963E0,8.854985962E0
6.974865012E2,7.026388550E-1,5.080435181E0,8.721912689E0
6.994891830E2,-1.095272369E0,3.064876556E0,1.075094330E1
7.014918679E2,-3.585044861E-1,3.331023102E0,8.762029266E0
7.034945515E2,9.065148926E-1,4.599934387E0,8.603808289E0
7.054972363E2,1.586700439E-1,1.722019043E0,9.073980560E0
7.062717166E2,2.754272461E-2,3.885320435E0,8.922196198E0
7.082744028E2,-1.351090393E0,4.812492371E0,8.748108215E0
7.102770900E2,-1.093625793E0,3.873195648E0,9.949060822E0
7.122797765E2,5.262306976E0,2.783776108E1,-1.371388184E1
7.142824665E2,-7.646099854E-1,3.842509460E-1,1.160506714E1
7.162851582E2,-2.667453003E-1,2.701731720E0,1.190683960E1
7.182878525E2,-4.749623108E-1,2.514770508E-1,1.227357697E1
7.202905475E2,-4.529580688E-1,4.957540741E0,7.803273010E0
7.222932446E2,3.670367432E-1,5.165907440E0,8.710087280E0
7.242959425E2,-4.155358887E-1,2.640658722E0,9.041947174E0
7.262986432E2,8.846603394E-1,4.206402740E0,1.351389771E1
7.283013468E2,-1.048719177E0,6.613846436E0,4.642146606E0
7.303040521E2,-2.591710510E0,1.486259308E0,1.596729584E1
7.323067600E2,-1.276695099E0,1.595831451E0,8.794062653E0
7.343094689E2,-1.407223663E0,3.071462860E0,9.208850098E0
7.363121808E2,-8.801696777E-2,3.570225677E0,8.322094116E0
7.383148957E2,-5.572911072E-1,5.448070679E0,8.302784271E0
7.403176126E2,-2.023791504E-1,1.516047363E0,1.125105331E1
7.423203326E2,-2.535726929E-1,2.944975891E0,9.389823761E0
7.443230538E2,-1.407972107E0,2.354753265E0,1.041579025E1
7.463257745E2,-5.596861267E-1,5.037773895E0,6.461463318E0
7.483284942E2,-8.779243469E-1,5.158423004E0,8.239765320E0
7.503312145E2,1.092128906E0,8.212821350E0,4.716691589E0
7.523339344E2,9.879455566E-3,3.855233002E0,9.605225830E0
7.543366554E2,-5.019062805E-1,8.900491333E-1,1.083342178E1
7.563393777E2,4.824467468E-1,4.551285553E0,7.079528046E0
7.583421006E2,5.239105225E-1,3.698359222E0,7.787256317E0
7.603448225E2,-1.732497253E0,6.295757904E0,1.106244553E1
7.623475447E2,1.020428009E0,4.980443115E0,8.055797882E0
7.643502663E2,-3.266207886E-1,4.278253326E0,1.045605652E1
7.663529880E2,3.824546814E-1,4.592899017E0,7.415728912E0
7.683557087E2,-1.734892273E-1,2.884501648E0,1.735835312E1
7.703584281E2,2.547702026E-1,4.262086945E0,1.032522858E1
7.723611468E2,2.516267395E-1,7.124284973E0,5.567222900E0
7.743638630E2,7.080276489E-1,3.668122101E0,8.519234161E0
7.763665790E2,-1.280736694E0,1.908531189E0,9.724677429E0
7.783692922E2,1.398541718E0,8.090076599E0,5.045108643E0
7.803720048E2,-1.273851013E0,5.618266754E0,9.517508240E0
7.823747156E2,-1.234782257E0,3.693569183E0,1.172541687E1
7.843774243E2,-1.629661102E0,3.782484283E0,9.568252716E0
7.863801330E2,-3.182382202E-1,2.972817993E0,8.394842834E0
7.883828411E2,-8.470884705E-1,6.044430542E0,7.099286957E0
7.903855525E2,-1.200503540E-1,3.017724609E0,8.944050751E0
7.923882693E2,1.328038330E0,3.814966736E0,1.052745804E1
7.943909901E2,4.272116089E-1,2.494113464E0,1.008437943E1
7.963937112E2,-1.416055298E0,2.536475372E0,9.071136475E0
7.983964331E2,-6.783892822E-1,6.155349884E0,6.821315002E0
8.003991566E2,-1.317260742E-2,3.633244629E0,9.131910095E0
8.024018800E2,-1.039737854E0,3.067870331E0,1.007629623E1
8.044046028E2,9.310638428E-1,3.529510345E0,9.282796326E0
8.064073245E2,-9.744735718E-1,3.260220337E-1,1.222941879E1
8.084100468E2,-1.386416931E0,1.914069672E0,1.222642502E1
8.104127678E2,-5.258564758E-1,3.463347931E0,8.386759644E0
8.124154892E2,-8.506809998E-1,3.615731049E0,7.986791382E0
8.144182110E2,5.879772949E-1,4.000730438E0,1.022194336E1
8.164209343E2,-3.891906738E-1,4.243824921E0,9.603279877E0
8.184236625E2,2.839595032E-1,3.810027008E0,7.625742188E0
8.204263920E2,-6.842271423E-1,2.994073792E0,1.041174866E1
8.224291219E2,-1.808239746E-1,3.220403137E0,9.281000061E0
8.244318527E2,7.646099854E-1,5.419929199E0,8.401578827E0
8.264345829E2,-5.004093933E-1,1.377435608E0,1.064870590E1
8.284373138E2,-1.034498749E0,6.046825562E0,7.900271301E0
8.304400443E2,2.005828857E-2,3.293151855E0,8.034542084E0
8.324427755E2,3.773652649E-1,2.704276428E0,1.112546448E1
8.344455065E2,3.153941345E-1,1.910327454E0,1.360610596E1
8.364482385E2,-1.713636475E0,2.517165527E0,1.070079758E1
8.384509706E2,1.711989899E0,6.411766663E0,2.648891602E0
8.404537041E2,3.863465881E-1,2.695893860E0,1.219558914E1
8.424564361E2,-2.379751282E0,1.913021851E0,1.222971817E1
8.444591661E2,1.909579010E0,2.264041901E0,8.286318512E0
8.464618981E2,1.623074799E0,7.097939758E0,1.088042404E1
8.484646302E2,6.138734436E-1,7.135062561E0,9.008117523E0
8.504673637E2,-7.209008789E-1,3.595523071E-1,1.265558258E1
8.524700959E2,-1.480421448E-1,6.812333679E0,5.689069519E0
8.544728275E2,-2.210902405E-1,2.890638885E0,5.705834656E0
8.564755575E2,-3.094065857E-1,2.373314667E0,9.303004303E0
8.584782879E2,-1.911524963E-1,3.211870880E0,6.532715149E0
8.604810163E2,1.409319305E0,3.613336029E0,1.203901474E1
8.624837441E2,-4.230203247E0,6.065386963E-1,1.960637833E1
8.644864703E2,-3.141966248E-1,3.684138794E0,7.890691223E0
8.664891969E2,1.077609100E0,3.398083649E0,9.222771149E0
8.684919220E2,-2.716101837E0,3.614084473E0,1.140478363E0
8.704946480E2,-7.581733704E-1,2.356100464E0,7.451504517E0
8.724973746E2,-7.373666382E-1,1.418600006E0,1.402149216E1
8.745001022E2,-3.761677551E-1,3.836222534E0,8.738977203E0
8.765028283E2,1.420545959E0,2.607427826E0,1.284344193E1
8.785055571E2,-2.206411743E-1,5.420378265E0,6.036646729E0
8.805082886E2,6.093827820E-1,3.593277740E0,1.095122681E1
8.825110211E2,5.472619629E-1,3.658542023E0,8.107590179E0
8.845137563E2,-7.897576904E-1,5.832471313E0,5.726192322E0
8.865164998E2,-5.544470215E-1,1.429572189E1,-1.192420349E0
8.885192507E2,-1.610500946E0,1.808838501E0,1.139430542E1
8.905220080E2,-9.669891357E-2,1.740131378E0,9.857301636E0
8.925247725E2,-8.276289368E-1,3.563789062E0,9.267677765E0
8.945275472E2,4.680766296E-1,1.951042786E0,1.412627426E1
8.965303335E2,-8.981323242E-4,3.742218018E-1,1.076516373E1
8.985331291E2,-9.089099121E-1,3.215313721E0,1.014455429E1
9.005359325E2,-1.022673340E0,1.836979980E0,1.033780243E1
9.025387408E2,-4.293072510E-1,7.876021729E0,6.516997833E0
9.045415533E2,8.247848511E-2,1.414857788E0,1.167048111E1
9.065443689E2,-2.088157654E0,3.756139069E0,9.123677216E0
9.085471877E2,1.150058441E0,2.815195770E0,1.200054474E1
9.105500116E2,1.243913269E0,3.798800354E0,8.568631439E0
9.125528427E2,-5.414241028E-1,5.411995697E0,6.528224487E0
9.145556770E2,-2.583627319E-1,2.949915619E0,1.129506180E1
9.165585134E2,9.163943481E-1,7.112758942E0,6.368207245E0
9.185613523E2,-9.160949707E-1,3.344794464E0,9.393715668E0
9.205641931E2,8.333171082E-1,6.167923737E0,7.231013031E0
9.225670330E2,-2.589614868E-1,4.228856049E0,7.875273285E0
9.245698692E2,1.636097717E-1,3.958518219E0,8.646918640E0
9.265727027E2,-1.100212097E-1,1.779200134E0,1.002136047E1
9.285755315E2,6.962022400E-1,2.509381714E0,1.103475311E1
9.305783568E2,1.514849854E0,-5.817203064E0,1.537063660E1
9.325811780E2,-6.629713440E-1,2.084116058E0,1.525477753E1
9.345839940E2,-1.029858398E-1,5.127587128E0,7.243437195E0
9.365868044E2,1.889221344E0,6.852749634E-1,5.108426971E0
9.385896087E2,-9.883946228E-1,3.368445282E0,7.279961243E0
9.405924081E2,6.012995911E-1,3.346590729E0,1.381312546E1
9.425952021E2,-1.130149841E-1,2.545756073E0,7.739206238E0
9.445979936E2,1.237925720E0,3.573069763E0,8.841813354E0
9.466007808E2,-1.001716919E0,3.747157745E0,1.096544724E1
9.486035641E2,-2.180665283E0,2.640958099E0,9.736353149E0
9.505433789E2,2.619552612E-2,4.751868439E0,7.014712830E0
9.525461496E2,-2.183958435E-1,2.138602753E0,1.217882401E1
9.545489179E2,6.152206421E-1,3.710933075E0,4.277055817E0
9.565516852E2,-3.631448364E-1,3.840413818E0,9.173523560E0
9.585544507E2,-6.135740662E-1,2.591261444E0,9.062903595E0
9.605572166E2,-7.875123596E-1,3.269800415E0,9.282796326E0
9.625599799E2,-6.674620056E-1,4.410428467E0,9.126970367E0
9.645627448E2,1.363065491E0,4.550686798E0,7.680079193E0
9.665655091E2,-4.751119995E-1,3.363804932E0,9.023535461E0
9.685682736E2,-4.882846069E-1,7.123686218E0,8.030350800E0
9.705710376E2,1.282832336E-1,3.635340271E0,9.073830872E0
9.725738022E2,-1.474433899E-1,4.496649170E0,9.808652802E0
9.745765645E2,-1.591191101E-1,2.260149994E0,1.118309464E1
9.765793272E2,-7.102729797E-1,3.283422089E0,9.003776550E0
9.785820884E2,1.631607056E-1,5.749394073E0,5.886209564E0
9.805848500E2,7.929011536E-1,2.513722687E0,1.150312912E1
9.825876100E2,-4.975653076E-1,2.549498291E0,1.427416672E1
9.845903710E2,1.308429108E0,4.843028870E0,7.851173401E0
9.865931316E2,-1.009500732E0,2.324366455E0,1.253193970E1
9.885958916E2,1.945953369E-1,2.949316864E0,8.899593201E0
9.905986505E2,-6.821315002E-1,1.622326355E0,8.747659149E0
9.926014096E2,-2.938389587E-1,7.722291412E0,2.420466614E0
9.946041670E2,3.490740967E-1,9.439370728E0,4.295018463E0
9.966069240E2,-2.499801636E-2,1.955832825E0,9.321715393E0
9.986096795E2,5.324427795E-1,5.141957245E0,6.968908081E0
1.000612432E3,1.166075134E0,3.692221985E0,8.177644501E0
1.002615183E3,-8.898994446E-1,2.822231140E0,9.366771698E0
1.004617931E3,-2.474354553E-1,3.080444183E0,9.510772247E0
1.006620679E3,3.448828125E-1,5.772146759E0,8.493038635E0
1.008623426E3,1.541644135E0,4.071682892E0,7.958200836E0
1.010626171E3,-3.969744873E-1,3.775598602E0,9.287436676E0
1.012628919E3,1.265618134E0,5.723946991E0,5.344336395E0
1.014631666E3,5.761518860E-1,4.728067932E0,8.115373993E0
1.016634413E3,-1.666334839E0,5.952371979E0,8.776249695E0
1.018637159E3,-5.298980713E-2,5.887556763E0,8.443042603E0
1.020639905E3,1.285676422E0,3.225193176E0,1.012689102E1
1.022642652E3,-6.024971008E-1,3.085832977E0,1.074824890E1
1.024645400E3,-5.746549988E-1,2.933599548E0,9.496551819E0
1.026648149E3,4.849914551E-2,1.454225922E0,1.117755615E1
1.028650899E3,-6.721023560E-2,3.309318237E0,9.121880951E0
1.030653649E3,-7.355703735E-1,2.610421600E0,9.068891144E0
1.032656398E3,-1.261426849E0,3.694916382E0,1.086575455E1
1.034659147E3,4.587959290E-1,3.902534637E0,9.156908112E0
1.036661894E3,-3.279679871E-1,2.602188721E0,9.391919403E0
1.038664640E3,1.291065216E0,2.812651062E0,2.804867249E0
1.040667383E3,-5.342390442E-1,3.428021393E0,9.578730927E0
1.042670127E3,-1.327888641E0,1.302591248E0,1.140508301E1
1.044672868E3,-5.626799011E-1,2.257904663E0,1.212463669E1
1.046675608E3,-7.117698669E-1,4.896916809E0,7.726183319E0
1.048678345E3,-1.445993042E-1,5.235961761E0,8.537346497E0
1.050681081E3,-1.033600616E0,3.460803223E0,1.121273300E1
1.052683815E3,-2.315684509E-1,2.310146027E0,9.628876648E0
1.054686547E3,-6.547384644E-1,2.846630402E0,1.031460068E1
1.056689279E3,-8.958869934E-1,3.040477295E0,1.026280838E1
1.058692012E3,-1.788780212E-1,3.580404510E0,9.292975159E0
1.060694752E3,2.398013306E-1,3.584745483E0,9.322014771E0
1.062697497E3,1.327738953E0,2.861000519E0,9.341623993E0
1.064700249E3,1.013392639E-1,3.512296143E0,8.926088104E0
1.066703007E3,5.622308350E-1,1.085392914E0,9.959539032E0
1.068705773E3,-1.822909241E0,4.694837036E0,9.054670715E0
1.070708544E3,-1.170416107E0,2.907104645E0,4.298161926E0
1.072711322E3,-1.849853210E0,5.412744141E0,1.166179916E1
1.074714103E3,2.318678284E-1,4.159550171E0,7.589068451E0
1.076716888E3,3.082090759E-1,3.997287598E0,9.406139832E0
1.078719678E3,-1.073268127E-1,5.095254364E0,5.945186920E0
1.080722471E3,-9.436376953E-1,5.095703430E0,6.605014801E0
1.082725265E3,-1.213975525E-1,3.400927734E0,8.828940125E0
1.084728057E3,-9.030720520E-1,2.078278198E0,1.045605652E1
1.086730852E3,2.588117981E-1,3.305875397E0,9.394314423E0
1.088733648E3,-1.685494995E-1,-6.481521606E-2,1.471035965E1
1.090736445E3,-8.261320496E-1,3.725303192E0,7.667056274E0
1.092739242E3,1.392404480E0,4.988376617E0,7.477700043E0
1.094742041E3,2.122586060E-1,2.473755798E0,1.241158997E1
1.096744839E3,-5.260061646E-1,4.425397339E0,9.028774567E0
1.098747636E3,2.888992310E-2,3.800297241E0,9.559570770E0
1.100750434E3,-1.256337433E0,1.981728973E0,1.061742096E1
1.102753234E3,2.432441711E-1,2.699935455E0,1.053628967E1
1.104756034E3,1.426084442E0,3.435505829E0,1.099598373E1
1.106758832E3,-4.861889648E-1,3.754043427E0,8.673413544E0
1.108761631E3,1.691482544E-1,3.229833527E0,9.209299164E0
1.110764432E3,9.406439209E-1,3.460204468E0,8.882528687E0
1.112767234E3,5.044509888E-2,3.982468414E0,9.206455078E0
1.114770035E3,-9.267228699E-1,3.875740356E0,9.365424500E0
1.116772836E3,-3.031196594E-1,2.769391022E0,8.951684875E0
1.118775634E3,-1.969753876E0,3.121608582E0,7.436086578E0
1.120778429E3,-3.397933960E-1,4.618645477E0,9.410780182E0
1.122781220E3,-7.509883118E-1,3.266656952E0,9.620494080E0
1.124784008E3,1.154399414E0,3.706592102E0,1.106020020E1
1.126786792E3,3.784130859E-1,4.365521851E0,8.115224304E0
1.128789574E3,-1.999841309E-1,3.092419281E0,9.479187927E0
1.130792353E3,-1.229543152E0,5.123695221E0,7.544610901E0
1.132795130E3,3.640429688E-1,3.231929169E0,8.998537445E0
1.134797904E3,-8.517288208E-1,3.621718597E0,8.853638763E0
1.136800674E3,-1.878593445E-1,3.018323364E0,9.158255310E0
1.138803442E3,-7.770341492E-1,2.657124481E0,1.006896149E1
1.140806206E3,-4.561015320E-1,3.470982056E0,1.027538223E1
1.142808969E3,-3.915856934E-1,4.525090027E0,7.882009277E0
1.144811729E3,2.441423035E-1,2.716401215E0,9.654922485E0
1.146814488E3,2.673440552E-1,4.438569946E0,7.334298248E0
1.148817246E3,-5.301974487E-1,3.254981232E0,1.074615326E1
1.150820004E3,5.706134033E-1,1.850601654E0,1.052626053E1
1.152822763E3,-1.264420624E0,2.665956116E0,1.064960403E1
1.154825524E3,2.471360779E-1,2.713856506E0,9.513167267E0
1.156828286E3,1.022823029E0,3.160976715E0,9.345665588E0
1.158831049E3,-4.629872131E-1,3.445834351E0,1.009740234E1
1.160833812E3,1.619182892E0,2.763403473E0,9.071585541E0
1.162836576E3,-2.045795746E0,-1.363514557E0,5.371804276E1
1.164839341E3,2.380050659E-1,2.645299072E0,9.490264893E0
1.166842109E3,-2.246977386E0,-1.437760162E0,1.972897339E-1
1.168844877E3,1.319506073E0,3.411855011E0,7.870034180E0
1.170847644E3,3.478765869E-1,3.263064423E0,7.983647919E0
1.172850413E3,-3.692820740E-1,3.167712708E0,8.393645325E0
1.174853181E3,-6.403683472E-1,4.219425659E0,8.619824982E0
1.176855948E3,8.907975769E-1,3.909420319E0,1.035905823E1
1.178858714E3,-6.319857788E-1,3.092568970E0,7.599995728E0
1.180861480E3,-7.538323975E-1,4.044738922E0,1.026520340E1
1.182864245E3,-1.103205872E-1,3.763324127E0,1.015533188E1
1.184867010E3,7.864645386E-1,5.502407684E0,3.863765259E0
1.186869775E3,-1.666783905E0,3.828438721E0,1.016446289E1
1.188872539E3,-6.366261292E-1,3.267555084E0,1.063343765E1
1.190875303E3,-5.532495117E-1,4.419260101E0,9.559121704E0
1.192878069E3,-7.325765991E-1,2.900668030E0,1.050919601E1
1.194880835E3,-1.076411591E0,-1.711091766E0,1.294852341E1
1.196883601E3,3.632945251E-1,3.599564667E0,1.074824890E1
1.198886368E3,-4.399351501E-1,3.091072083E0,8.410410461E0
1.200889136E3,1.526824951E0,6.781946869E0,7.712561646E0
1.202891905E3,-1.046324158E-1,-8.279283142E-1,1.044827271E1
1.204894674E3,1.109492798E0,2.231709137E0,9.313482513E0
1.206897445E3,1.182540894E-1,3.330873413E0,5.650150452E0
1.208900216E3,4.031117249E-1,3.981869659E0,7.520061951E0
1.210902989E3,-2.673440552E-1,2.299218750E0,9.395062866E0
1.212905764E3,-2.300715637E-1,4.695286102E0,7.427105255E0
1.214908542E3,-5.644761658E-1,3.643872528E0,8.610993347E0
1.216911322E3,6.866221619E-1,3.881877594E0,7.895331573E0
1.218914101E3,9.532177734E-1,2.691403198E0,9.614506531E0
1.220916879E3,8.903485107E-1,4.531227264E0,5.193001099E0
1.222919657E3,8.279283142E-1,2.602937164E0,5.689817963E0
1.224922435E3,-3.893403625E-1,3.361260223E0,1.073866882E1
1.226925212E3,7.044351196E-1,5.864504700E0,8.365803223E0
1.228927988E3,9.696835327E-1,4.912783813E0,6.436465302E0
1.230930764E3,-1.438358917E0,5.096900940E0,8.387358398E0
1.232933538E3,9.722282410E-1,4.356241150E0,7.648494873E0
1.234936312E3,-5.358856201E-2,1.467997284E0,1.092922256E1
1.236939084E3,-5.486091614E-1,3.416794739E0,9.646988983E0
1.238941855E3,1.754351807E-1,3.401825867E0,1.138532410E1
1.240944625E3,1.243164825E0,1.660796356E0,5.555098114E0
1.242947397E3,1.025816803E0,3.708388367E0,1.019694534E1
1.244950168E3,-3.471281433E-1,3.345842285E0,9.195078735E0
1.246952937E3,-6.092330933E-2,3.983815613E0,9.012009430E0
1.248955705E3,-2.216889954E-1,3.841611328E0,8.899443512E0
1.250958471E3,-1.095721436E-1,4.934937744E0,9.323661346E0
1.252961235E3,6.447093201E-1,7.838599548E0,7.294181671E0
1.254963999E3,-2.095642090E-3,4.938979340E0,1.078237793E1
1.256966762E3,1.751507721E0,9.599986725E0,-2.498005371E0
1.258969523E3,-5.999523926E-1,3.573518829E0,9.696685638E0
1.260972284E3,8.307723999E-1,2.973566437E0,8.786727905E0
1.262975044E3,-1.877695312E0,3.603905640E0,7.997119904E0
1.264977803E3,2.665956116E-1,4.607119446E0,8.991202698E0
1.266980563E3,3.679348755E-1,3.969894562E0,9.114695892E0
1.268983322E3,3.891906738E-3,9.842033386E-1,1.220127731E1
1.270986081E3,1.439855804E0,1.833237762E0,8.358618164E0
1.272988839E3,9.205856323E-1,1.659149780E0,1.106139771E1
1.274991597E3,3.716770935E-1,2.874023438E0,9.914333038E0
1.276994351E3,-4.659809875E-1,3.235072632E0,9.685309296E0
1.278997107E3,-1.157842255E0,4.529580688E0,8.849297791E0
1.280999860E3,-9.131011963E-1,3.201692047E0,9.432035980E0
1.283002612E3,1.585203552E-1,4.089795227E0,8.257278900E0
1.285005366E3,-2.731819153E-1,4.203259277E0,6.603368225E0
1.287008123E3,4.409829712E-1,3.469634857E0,7.674840088E0
1.289010879E3,8.003855896E-1,2.397863617E0,7.674989777E0
1.291013636E3,-5.882766724E-1,3.754342804E0,8.616382141E0
1.293016397E3,-8.143066406E-2,2.868784332E0,9.907597046E0
1.295019156E3,-4.978646851E-1,4.169729004E0,9.174721069E0
1.297021915E3,-4.275109863E-1,3.611090698E0,8.144563293E0
1.299024674E3,-2.835104370E-1,2.855312347E0,9.657317505E0
1.301027430E3,-9.672885132E-1,2.539918213E0,1.027807663E1
1.303030187E3,4.797523499E-1,4.041595459E0,9.611363068E0
1.305032943E3,-8.150550842E-1,4.706812134E0,9.665101318E0
1.307035697E3,4.475692749E-1,4.139192505E0,9.199868774E0
1.309038449E3,-2.215393066E-2,2.067949677E0,1.049093399E1
1.311041201E3,-3.960763550E-1,4.188140717E0,8.621022491E0
1.313043950E3,2.680924988E-1,3.204835510E0,8.816515961E0
1.315046700E3,1.116677856E-1,2.908451843E0,1.150118317E1
1.317049448E3,-3.457809448E-2,2.917433167E0,7.366481323E0
1.319052195E3,-1.970652008E0,4.429738312E0,1.188857758E1
1.321054942E3,3.603007507E-1,3.464395752E0,8.510402527E0
1.323057688E3,2.893482971E-1,4.115092621E0,8.114475861E0
1.325060436E3,3.067121887E-1,2.582729187E0,9.989027710E0
1.327063184E3,3.408412170E-1,3.663182373E0,9.335486755E0
1.329065936E3,-3.969744873E-1,2.411335602E0,1.057715469E1
1.331068691E3,-7.213499451E-1,4.078269196E0,9.497749329E0
1.333071447E3,-1.959575043E0,5.315745850E0,7.271428986E0
1.333962432E3,6.649172974E-1,3.954027557E0,8.058043213E0
1.335965200E3,-1.082698517E0,3.245999908E0,8.154442749E0
1.337967973E3,-1.283580780E0,4.140839081E0,7.873926086E0
1.339970749E3,1.571731567E-2,2.589315491E0,8.829838257E0
1.341973526E3,-5.691165161E-1,2.672692108E0,1.028002258E1
1.343976300E3,7.098239136E-1,4.866979065E0,6.636748810E0
1.345979074E3,-9.924362183E-1,9.936337280E-1,4.815486145E0
1.347981846E3,-4.288581848E-1,3.668271790E0,1.120464981E1
1.349984617E3,-1.661544800E-1,1.374142456E0,1.235515732E1
1.351987385E3,-2.390528870E-1,2.435285797E0,9.332193604E0
1.353990150E3,4.296066284E-2,3.197351074E0,1.094389206E1
1.355992911E3,5.516029358E-1,1.382674713E0,1.104927292E1