"event","experiment time","system time","system time text"
"START",0.000000000000000E0,1.790491701426082E9,"2026-09-27 12:18:21.426 UTC+05:30"
"PAUSE",2.841289304166676E2,1.790491985556705E9,"2026-09-27 12:23:05.557 UTC+05:30"
"START",2.841289304166676E2,1.790491989107765E9,"2026-09-27 12:23:09.108 UTC+05:30"
"PAUSE",3.788347123750009E2,1.790492083815300E9,"2026-09-27 12:24:43.815 UTC+05:30"
"START",3.788347123750009E2,1.790492086602066E9,"2026-09-27 12:24:46.602 UTC+05:30"
"PAUSE",4.991281444583346E2,1.790492206897231E9,"2026-09-27 12:26:46.897 UTC+05:30"
"START",4.991281444583346E2,1.790492221682625E9,"2026-09-27 12:27:01.683 UTC+05:30"
"PAUSE",7.062718508750004E2,1.790492428829212E9,"2026-09-27 12:30:28.829 UTC+05:30"
"START",7.062718508750004E2,1.790492435597289E9,"2026-09-27 12:30:35.597 UTC+05:30"
"PAUSE",9.505436004166677E2,1.790492679872457E9,"2026-09-27 12:34:39.872 UTC+05:30"
"START",9.505436004166677E2,1.790492694124439E9,"2026-09-27 12:34:54.124 UTC+05:30"
"PAUSE",1.333960259791667E3,1.790493077546838E9,"2026-09-27 12:41:17.547 UTC+05:30"
"START",1.333960259791667E3,1.790493079924079E9,"2026-09-27 12:41:19.924 UTC+05:30"
"PAUSE",1.356828256083334E3,1.790493102792449E9,"2026-09-27 12:41:42.792 UTC+05:30"
