seg,bin,lat,lon,speed,rms_vert,n,roughness,ride_id,direction,source
S1,0,26.194902403030905,91.68844537275069,1.9857016898619002,1.588358027521217,1186,0.799897605783718,rp2_0926_1647,ret,observed
S1,1,26.19501857766912,91.68861549319126,2.614588416905998,2.115862508056887,1727,0.8092526129067443,rp2_0926_1647,ret,observed
S1,2,26.195334928423286,91.68889023685048,2.788205013900617,0.9806023549433796,1633,0.35169664714559334,rp2_0926_1647,ret,observed
S1,3,26.19571180464442,91.6890288777616,3.6643162209983977,1.8557138216370634,1274,0.5064284056607555,rp2_0926_1647,ret,observed
S1,4,26.196147154900185,91.68903397666298,3.3616530576176586,1.370655307137404,1489,0.4077325302893577,rp2_0926_1647,ret,observed
S1,5,26.196447397092964,91.68934524754218,3.341143400100552,0.8089643375859144,1504,0.24212200456932453,rp2_0926_1647,ret,observed
S1,6,26.19660138876978,91.68983378454024,3.447594410562603,1.7411793644752573,1515,0.5050418225359401,rp2_0926_1647,ret,observed
S1,7,26.196732064945632,91.69032441902334,3.0804856749171283,1.065336944903752,1614,0.345834085052972,rp2_0926_1647,ret,observed
S1,8,26.196851245041067,91.69079940819394,3.0124210343199276,1.5283605188214666,1585,0.5073528903858897,rp2_0926_1647,ret,observed
S1,9,26.19698131152885,91.69125911397477,2.776795948097729,0.9437119689647712,1666,0.3398564340355186,rp2_0926_1647,ret,observed
S1,10,26.197179253005732,91.69167243601052,3.1559537938485973,1.066261632472346,1636,0.33785717476302773,rp2_0926_1647,ret,observed
S1,11,26.19720254737728,91.69217224890333,3.218363363968918,1.2735824019389823,1531,0.39572362033365543,rp2_0926_1647,ret,observed
S1,12,26.19730440902858,91.69263637754082,3.3326072667594975,1.1089686778649503,1407,0.33276308580556807,rp2_0926_1647,ret,observed
S1,13,26.197361668586066,91.69311229915981,3.3782518659865026,1.1596441486270657,1637,0.34326752256182985,rp2_0926_1647,ret,observed
S1,14,26.19707634282702,91.69352437977064,3.1968004834931336,1.8972187096498865,1623,0.5934742313279437,rp2_0926_1647,ret,observed
S1,15,26.196781667756923,91.6939032555691,2.757997564936123,1.7808325287865308,1757,0.645697643619122,rp2_0926_1647,ret,observed
S1,16,26.196401549302095,91.69408684010561,3.009195582562501,1.878363438636359,1561,0.6242078280059237,rp2_0926_1647,ret,observed
S1,17,26.19608284239114,91.69432679314579,3.231934996928321,2.591879924142281,1441,0.8019591751089183,rp2_0926_1647,ret,observed
S1,18,26.196201823320184,91.69465239650421,3.2788500735062467,1.5213617501019085,975,0.4639924717494132,rp2_0926_1647,ret,observed
S2,0,26.19639652948095,91.69504249196288,3.549735704419588,0.964373463404572,1734,0.2716747227698901,rp2_0926_1647,ret,observed
S2,1,26.19628035217947,91.69541749062984,3.183571565357932,2.013983106350487,826,0.6326175067856699,rp2_0926_1647,ret,observed
S2,4,26.195962699968312,91.69686994944463,3.1956502654666132,1.6652193493933012,1565,0.5210893593045152,rp2_0926_1647,ret,observed
S2,5,26.196002446122503,91.69738288811563,3.3243177772192487,1.057081271072474,1518,0.31798442324509346,rp2_0926_1647,ret,observed
S2,6,26.196040024042016,91.69786103714787,3.347727298004711,0.9809589295880314,1345,0.29302235285792116,rp2_0926_1647,ret,observed
S2,7,26.196057194468683,91.698366372882,3.0476074030589557,0.9774688390090066,1830,0.320733188280058,rp2_0926_1647,ret,observed
S2,8,26.19587804838268,91.69880660325141,3.125912068784407,1.0399508048436257,1517,0.3326871588067536,rp2_0926_1647,ret,observed
S2,9,26.195461244525905,91.69899108436728,3.2800857222951074,1.4570477083623805,1605,0.44421025293902083,rp2_0926_1647,ret,observed
S2,10,26.195017376476418,91.69910889287684,3.281823538020148,1.5646765999482377,1470,0.4767704850127843,rp2_0926_1647,ret,observed
S2,11,26.19458726751578,91.69914812051415,3.382603975960056,1.5004779629617866,1357,0.4435866491098529,rp2_0926_1647,ret,observed
S2,12,26.194145953898705,91.69906393557139,3.2103056654044773,1.842284715058423,1568,0.5738658268312613,rp2_0926_1647,ret,observed
