Time (s),X (m/s^2),Y (m/s^2),Z (m/s^2)
-0.0034505,0.3192860413,3.532653809,9.075627136
0.0065125,0.1917512512,3.588787079,9.1278685
0.0164755,0.2805166626,3.61318634,9.128766632
0.0264385,0.4441264343,3.610641632,9.055718536
0.03640191667,0.4418811035,3.680845642,9.018296356
0.04636491667,0.3962260437,3.727548523,9.139843597
0.05632791667,0.2745291138,3.783981171,9.116941223
0.06629091667,0.1715432739,3.751648407,9.104966125
0.07625291666,0.1992356873,3.661086731,9.087452545
0.08621591666,0.05119354248,3.666774902,8.909173279
0.09617891666,-0.1848655701,3.692671051,8.862021332
0.1061419167,-0.1353186035,3.605552216,9.004225616
0.1161049167,-0.1609153748,3.507655792,9.47065567
0.1260679167,-0.4146377563,3.686533813,9.733209686
0.1360309167,-0.5025050354,3.510350189,9.477391663
0.1459939167,-0.4337979126,3.693269806,9.046886902
0.1559569167,-0.5532495117,3.816164246,8.637338562
0.1659199167,-0.7071295166,3.767814789,8.658294983
0.1758829167,-0.6578819275,3.754941559,8.90318573
0.1858459167,-0.4207749939,3.81092514,9.060059509
0.1958089167,0.07918533325,3.807781677,9.093140717
0.2057719167,0.4013154602,3.814667358,9.167386322
0.2157349167,0.4326004028,3.831133118,9.180558929
0.2256979167,0.5408253479,3.86825592,8.979077911
0.2356609167,0.7234455872,3.858526154,8.821455688
0.2456229167,0.7607180786,3.85313736,8.744964752
0.2555859167,0.7071295166,3.948339386,8.67850296
0.2655489167,0.6533912659,3.874393158,8.815617828
0.2755119167,0.7096742249,3.689976654,8.984766083
0.2854749167,0.8161029053,3.616479492,9.079668732
0.2954379167,0.8147557068,3.64716568,9.186247101
0.3054009167,0.786763916,3.437002716,9.805209961
0.3153639167,0.7445516968,3.411106567,9.952204285
0.3253269167,0.9774673462,3.570525055,9.484427032
0.3352899167,1.269809418,3.846850433,8.721014557
0.3452529167,1.401685181,3.936663666,8.263865204
0.3552159167,1.207987976,3.883973236,8.438102875
0.3651789167,0.9413923645,3.780837708,8.995393982
0.3751419167,1.02387085,3.811823273,9.232051849
0.3851049167,1.05889801,3.83786911,9.154962158
0.3950679167,1.161434784,3.787424011,9.104217682
0.4050309167,1.287322998,3.742367706,9.008566589
0.4149929167,1.591041412,3.715872803,9.434880066
0.4249559167,1.347048798,3.515589294,10.10922775
0.4349189167,0.8728349304,3.688479767,9.673334198
0.4448819167,1.117575989,3.859424286,8.877888336
0.4548449167,1.38072876,3.875440979,8.335416412
0.4648079167,1.168619843,3.924688568,8.238717499
0.4747709167,0.6012995911,3.998485107,8.437055054
0.4847339167,-0.08846603394,3.870052185,8.874894562
0.4946969167,-0.1342707825,3.65764389,9.160500641
0.5046599167,0.7638615417,3.668720856,9.014853516
0.5146229167,3.41904007,2.781665497,9.049132233
0.5245859167,-0.3152444458,3.473526764,9.027876434
0.5345489167,-2.636916504,4.9740065,8.766070862
0.5445119167,3.114573212,3.820505219,8.974736938
0.5544749167,2.586471405,3.067271576,9.994715881
0.5644379167,1.227896576,3.414250031,10.94479019
0.5744009167,2.582579498,4.667444,9.976753235
0.5843629167,2.321073303,4.85230957,8.769064636
0.5943259167,1.127605133,4.146527252,7.972121887
0.6042889167,1.414708099,4.197720795,7.437882843
0.6142519167,2.284698944,4.609664154,7.419770508
0.6242149167,1.992356873,4.488865356,8.90558075
0.6341779167,0.6888674927,4.264332275,9.237290955
0.6441409167,1.84760788,4.613855438,8.260422363
0.6541039167,1.384321289,5.019811249,8.021369476
0.6640669167,0.462538147,4.860841827,7.932903442
0.6740299167,0.9021739197,4.482279053,8.231981506
0.6839929167,0.2773731995,4.584067383,8.777447205
0.6939559167,-0.8207432556,4.903652802,9.359137573
0.7039189167,0.1368154907,4.870272217,8.923693085
0.7138819167,1.301393738,4.75755661,8.652307434
0.7238449167,0.5384303284,5.26889328,8.580756226
0.7338079167,-0.01990859985,5.818699951,8.668324127
0.7437709167,0.0722996521,5.373974762,8.948391724
0.7537329167,0.1157093811,4.822671204,9.255103912
0.7636959167,0.6412664795,4.564158783,8.793014832
0.7736589167,-0.1305285645,4.593348083,8.929830322
0.7836219167,0.09744735718,4.653672638,8.534053345
0.7935849167,1.622625732,4.150419159,7.620203705
0.8035479167,2.315385132,3.279530182,7.125332794
0.8135109167,2.121538239,2.851719818,8.355923767
0.8234739167,1.785487061,2.916085968,10.14230896
0.8334369167,2.695295105,3.631747742,10.10683273
0.8433999167,3.367098083,3.904031525,9.698481903
0.8533629167,3.052302704,3.288661194,9.443562012
0.8633259167,2.522404633,2.845283203,9.064250793
0.8732889167,1.886077881,3.378624115,8.427624664
0.8832519167,1.115330658,4.003574524,8.367898865
0.8932149167,0.4212240601,4.634811859,8.54048996
0.9031779167,-0.01347198486,5.628445587,8.706794128
0.9131409167,-0.1549278259,6.672674103,8.312813416
0.9231029167,-0.348924408,4.133354645,9.686955872
0.9330659167,-1.124910736,2.570903778,9.701026611
0.9430289167,-1.276695099,3.002905426,8.710985413
0.9529919167,-1.492695923,4.213587799,7.849377136
0.9629549167,-1.41815094,3.91750351,8.505612488
0.9729179167,-0.9222322083,3.432362366,9.036708069
0.9828809167,-0.473764801,3.769161987,9.154662781
0.9928439167,-0.7274871826,6.392007751,8.185428314
1.002806917,-0.3439846802,6.435866547,8.832083588
1.012769917,0.9500743103,3.695215759,9.424701233
1.022732917,0.8960366821,2.6104216,8.196954346
1.032695917,-0.647403717,4.33872757,6.989565125
1.042658375,-1.610351257,5.739813995,9.747579803
1.052621375,-2.031874695,6.651268616,10.27702881
1.062584375,-1.565893707,4.391867065,9.627529449
1.072547375,-1.6416362,1.087338867,9.124425659
1.082509375,-2.970722351,1.867666168,9.562414856
1.092472375,-4.249662781,5.576204224,8.349636841
1.102435375,-4.11748764,4.616699524,10.55380325
1.112398375,-2.910098419,2.524200897,11.62452667
1.122361375,-1.957479401,0.9575587463,12.04649918
1.132324375,-2.697540436,1.915566559,9.933493195
1.142287375,-3.721560974,4.350552979,7.577542419
1.152250375,-3.903582458,4.515509949,7.561525726
1.162213375,-3.112327881,3.530258789,8.260422363
1.172176375,-2.606829071,2.673440552,9.514215088
1.182139375,-2.360890503,3.188369751,9.32321228
1.192102375,-1.550924835,6.412365417,8.044421539
1.202065375,-1.551673279,6.951244812,8.529712372
1.212028375,-0.8081694031,3.268752594,10.18003052
1.221991375,-0.2603086853,1.253493347,9.862091675
1.231954375,-0.9741741943,3.938609619,7.962691498
1.241916375,-1.392254791,7.540419617,6.84616333
1.251879375,-0.7009922791,7.69100647,7.966733093
1.261842375,0.3353027344,5.359305267,8.897946625
1.271805375,0.3116519165,3.538940735,8.499774628
1.281768375,-0.639919281,3.565585327,7.816894684
1.291731375,-1.319206696,4.661007385,8.170908508
1.301694375,-1.045276337,5.163811798,8.951235809
1.311657375,-0.2800675964,4.737797699,9.185348969
1.321620375,0.06481521606,2.97087204,9.773176575
1.331583375,-0.03293151855,2.609822845,8.999435577
1.341546375,-0.1755848694,3.320544891,7.714208221
1.351509375,0.0419128418,4.379742279,6.260281677
1.361472375,0.3468287659,3.422033844,8.257129211
1.371435375,0.8729846191,2.684966583,10.56353302
1.381398375,1.138083344,3.676953735,10.01507355
1.391361375,0.6911128235,3.666176147,9.546847229
1.401323375,1.032702484,2.392923889,9.340127106
1.411286375,1.544188843,2.698288879,7.710466003
1.421249375,1.683399353,3.794160004,7.275919647
1.431212375,1.508113861,4.114793243,8.431217194
1.441175375,1.661395111,3.460354156,10.2387085
1.451138375,1.438807983,3.076851654,10.26999344
1.461101375,0.9967771912,2.916235657,9.53966217
1.471064375,0.5601351929,2.509232025,9.161398773
1.481027375,0.04909790039,2.313738556,9.368418274
1.490990375,-0.4339476013,2.809058533,9.850565643
1.500953375,-0.9071136475,5.478158112,8.158035278
1.510916375,-0.7924520874,5.667364655,8.657097473
1.520879375,-0.03577560425,3.293600922,11.013647
1.530842375,-0.5828878784,1.810634766,9.596394196
1.540805375,-2.598596191,1.788331146,7.206314392
1.550768375,-2.694995728,3.146606598,8.349487152
1.560730375,-0.2490820312,4.441414032,8.975635071
1.570693375,0.2644999695,3.304079132,10.2916983
1.580656375,-0.7774832153,3.087629242,11.28263763
1.590619375,-1.683249664,1.935924225,10.8052803
1.600582375,-1.496737518,1.888323212,9.628726959
1.610545375,-0.4171824646,3.168760529,9.3946138
1.620508375,-0.2444416809,4.852159882,9.126371613
1.630471375,-0.3670367432,5.601351929,9.490115204
1.640434375,-0.6595285034,4.93658432,9.285640411
1.650397375,-0.6936575317,4.103267212,8.780890045
1.660360375,-0.4324507141,4.467310181,9.188941498
1.670323375,-1.169368286,4.118236084,9.54909256
1.680286375,-0.8675958252,3.575464783,7.615114288
1.690249375,0.3796105957,3.336411896,6.428232422
1.700212375,-0.5536985779,3.374133453,8.490493927
1.710174375,1.807042236,3.535797272,9.843380585
1.720137375,3.897445221,4.13739624,9.930649109
1.730100375,1.605261841,4.046385498,8.952732697
1.740063375,0.001197509766,4.385879517,7.428302765
1.750026375,0.3359014893,3.716621246,9.09628418
1.759989375,1.063388672,3.292403412,10.18182678
1.769952375,1.060993652,3.579805756,9.820328522
1.779915375,0.4197271729,3.574716339,9.481283569
1.789878375,-0.6944059753,3.434008942,8.945397949
1.799841375,-0.5656736755,3.5009198,8.704548798
1.809804375,-0.6050418091,2.70756958,9.098828888
1.819767375,-0.5372328186,2.695444794,9.724228363
1.829730375,0.7391629028,3.494782562,9.704469452
1.839693375,1.107995911,3.46694046,9.461824036
1.849656375,0.979712677,2.571502533,8.953630829
1.859619375,1.487456818,2.077230377,7.886949005
1.869581375,1.951192474,2.560724945,7.915240173
1.879544375,2.155517578,2.931803284,9.847571869
1.889507375,1.850901031,2.833757172,10.48329987
1.899470375,1.737736359,2.157463531,10.0448616
1.909433375,2.312990112,1.997595978,8.969497833
1.919396375,2.353555756,1.748364258,8.756490784
1.929359375,1.880240021,2.220033417,8.784931641
1.939322375,1.734293518,2.420765991,10.15563126
1.949285375,1.454824677,2.602937164,11.42364441
1.959248375,0.6610253906,3.641028442,10.9699379
1.969211375,0.5066963196,4.137695618,10.10084518
1.979174375,-0.076640625,4.413422241,8.863817596
1.989137375,-0.1706451416,4.965623932,8.006999359
1.999100375,-0.2080673218,4.638703766,8.600365448
2.009063375,0.05328918457,4.744533691,8.773555298
2.019025375,0.31943573,5.177134094,7.877817993
2.028988375,0.5953120422,5.752986603,6.568341064
2.038951375,0.4632865906,5.155279541,7.983049164
2.048915125,0.3312611389,4.760101318,8.845555573
2.058878125,0.8027806091,4.825365601,8.657097473
2.068841125,1.039588165,5.062173157,8.729247437
2.078804125,0.7620652771,3.796405334,8.99210083
2.088767125,0.05149291992,2.853965149,8.96635437
2.098730125,0.315693512,3.593128052,8.522826691
2.108693125,0.781973877,4.4405159,9.001531219
2.118656125,1.185235291,4.647834778,9.213041382
2.128619125,0.7719447327,3.809727631,9.35015625
2.138582125,0.3382965088,2.523003387,9.541159058
2.148545125,0.2914439392,2.741099854,8.915011139
2.158508125,0.6825805664,4.547693024,8.580007782
2.168471125,1.66618515,6.613247681,8.008346558
2.178433125,1.336869965,5.55674469,9.476942596
2.188396125,2.08740921,2.443818054,8.995094604
2.198359125,2.619103546,1.998643799,7.322023773
2.208322125,0.4513114929,3.836970978,7.592960358
2.218285125,0.5547463989,2.659070435,12.05697739
2.228248125,0.7214996338,3.071911926,11.54444321
2.238211125,1.440604248,4.731361084,7.290140076
2.248174125,-0.286204834,3.675756226,7.378755798
2.258137125,-1.872456207,2.8479776,7.268435211
2.268100125,-0.5953120422,2.221230927,10.51937485
2.278063125,-0.1660047913,3.044219513,12.86110519
2.288026125,0.01122665405,3.720363464,12.10427902
2.297989125,0.4623884583,5.382956085,8.218210144
2.307952125,0.7596702576,5.131928101,7.55763382
2.317914125,0.7500901794,3.724854126,8.276289368
2.327877125,0.7375163269,3.379821625,9.147926788
2.337840125,1.315913544,4.624483337,8.983718262
2.347803125,0.869841156,4.85006424,8.959169312
2.357766125,-0.185464325,4.73420517,8.284522247
2.367729125,-0.4510121155,5.258115692,7.857460327
2.377692125,-0.4417314148,5.189707947,8.593629456
2.387655125,-0.09131011963,4.913681946,9.193132782
2.397618125,0.2389031982,4.728966064,10.66142944
2.407581125,-0.2258802795,4.654121704,9.763746185
2.417544125,-0.31943573,4.453688507,8.165669403
2.427507125,-0.288899231,4.150419159,8.366252289
2.437470125,-0.346230011,4.640799408,8.182883606
2.447433125,-0.04281097412,3.937861176,9.189240875
2.457396125,0.2751278687,3.437601471,10.42522064
2.467359125,0.4540058899,4.460125122,8.439599762
2.477321125,0.3725752258,4.723427582,6.852749634
2.487284125,-0.1460961914,3.315904541,7.90865387
2.497247125,-0.4604425049,2.799478455,9.311835938
2.507210125,0.0005987548828,4.170627136,8.982371063
2.517173125,0.1037342834,3.757336578,9.83335144
2.527136125,-0.2643502808,3.195255432,9.983638916
2.537099125,-0.3836521912,3.651057587,9.606573029
2.547062125,-0.2796185303,4.582720184,8.735534363
2.557025125,-0.2212399292,4.019890594,8.218808899
2.566988125,-0.470022583,3.751648407,7.386090546
2.576951125,-0.4535568237,5.887556763,6.221961365
2.586914125,-0.3652404785,5.733527069,9.634115753
2.596877125,-0.2745291138,5.829926605,9.303902435
2.606840125,-0.01212478638,3.622017975,8.748557281
2.616802125,-0.2345622253,2.747237091,7.242239685
2.626765125,-0.3763174438,4.73420517,6.155499573
2.636728125,-0.3502716064,5.746549988,8.257877655
2.646691125,-0.4435276794,4.110452271,9.944121094
2.656654125,-0.546663208,1.475631409,12.10577591
2.666617125,-0.5535488892,2.731220398,9.811796265
2.676580125,-0.5418731689,4.374503174,5.184468842
2.686543125,-0.8843609619,3.608695679,9.451645203
2.696506125,-1.887425079,6.042035522,8.920848999
2.706469125,-1.211131439,4.007616119,12.75213181
2.716432125,-1.074315948,2.909799042,12.65019379
2.726395125,-1.308279419,4.236190796,6.792874146
2.736358125,-1.385518799,2.811453552,7.243736572
2.746321125,-1.463806,4.379442902,7.627987518
2.756284125,-1.121168518,3.464844818,11.96611633
2.766246125,-1.062041473,4.070335693,10.65544189
2.776209125,-0.4300556946,4.145030365,7.847431183
2.786172125,-0.8637039185,3.029550018,7.203170929
2.796135125,-2.242037659,3.832630005,7.112609253
2.806098125,-2.051034851,3.224893799,9.384584656
2.816061125,-1.30109436,3.364253998,9.759255524
2.826024125,-1.252744904,3.541635132,8.895102539
2.835987125,-1.244512024,3.494632874,10.07734406
2.845950125,-1.651066589,4.217479706,10.48509613
2.855913125,-1.616638184,4.45219162,9.53382431
2.865876125,-1.080453186,2.884351959,9.004225616
2.875839125,-1.004561005,1.991608429,9.115294647
2.885802125,-0.4243675232,3.751798096,9.066346436
2.895765125,-0.1178050232,5.796396332,8.45157486
2.905727125,0.3487747192,4.857398987,8.192313995
2.915690125,-0.006137237549,2.742147675,9.07398056
2.925653125,-0.6577322388,3.673061829,8.613088989
2.935616125,-0.8303233337,5.332960052,8.948691101
2.945579125,-0.7283853149,3.889960785,12.05248672
2.955542125,-0.7708969116,3.236120453,10.95931
2.965505125,-1.01444046,3.681594086,8.643924866
2.975468125,-1.355131989,4.303251343,8.502469025
2.985431125,-2.295027466,4.274810486,8.529712372
2.995394125,-1.366208954,3.509452057,9.170080719
3.005357125,-1.187779999,5.060077515,7.663613434
3.015320125,-0.4122427368,6.922354889,4.308191071
3.025283125,-0.3338058472,4.691094818,5.923781433
3.035246125,-0.8520281982,3.477568359,9.700128479
3.0452095,-0.5267546082,5.716013489,8.968000946
3.0551715,0.3338058472,6.711293793,8.516689453
3.0651345,-0.04251159668,3.70210144,10.68942123
3.0750975,-1.472487946,3.042722626,9.368268585
3.0850605,-0.6363267517,3.726051636,10.04261627
3.0950235,-0.4516108704,4.096381531,10.67535049
3.1049865,-0.6236032104,3.305725708,11.57018967
3.1149495,-0.4375401306,2.825673981,9.474098511
3.1249125,-0.3189866638,2.47360611,8.745563507
3.1348755,-0.7141648865,2.14129715,8.81307312
3.1448385,-0.5505551147,0.3598516846,10.34783157
3.1548015,-0.2962339783,2.079775085,10.41489212
3.1647645,0.5141807556,7.846083984,5.872737579
3.1747275,0.5974076843,8.469238129,5.868097229
3.1846905,-0.467328186,3.722908173,8.041427765
3.1946525,-1.375040588,-0.0975970459,10.02689896
3.2046155,-0.1026864624,3.226989441,8.530311127
3.2145785,1.19466568,5.812263336,8.99449585
3.2245415,-0.0556842041,5.260061646,9.011560364
3.2345045,-0.6547384644,2.800526276,8.51115097
3.2444675,-0.2432441711,2.558479614,8.223898315
3.2544305,-0.009280700684,3.75359436,8.78388382
3.2643935,-0.54292099,2.068099365,10.98685272
3.2743565,-1.057850189,1.591191101,9.806108093
3.2843195,-0.6896159363,4.22167099,7.153174896
3.2942825,-0.7348219299,4.611759796,8.346343689
3.3042455,-1.439855804,0.940045166,12.84463943
3.3142085,-1.587598572,1.328936462,11.84127594
3.3241715,-0.3701802063,2.206860809,10.39438477
3.3341345,0.6209088135,5.578898621,7.805069275
3.3440965,-0.3206332397,7.332801361,8.200696564
3.3540595,-1.664239197,2.311493225,11.17740646
3.3640225,-1.344354401,-0.07334747314,11.19237534
3.3739855,-0.3456312561,3.31725174,8.62117218
3.3839485,-0.3477268982,8.017926636,4.867128754
3.3939115,-2.144889679,2.931653595,9.318272552
3.4038745,-2.930456085,-0.4499642944,12.23151443
3.4138375,-0.9006770325,2.406096497,9.712103577
3.4238005,0.4578977966,5.594615936,7.212002563
3.4337635,-0.2444416809,6.136638794,8.103698273
3.4437265,-2.098486176,5.617069244,9.301806793
3.4536895,-1.798060913,-0.02140548706,13.41225906
3.4636525,-0.3086581421,2.134710846,10.18407211
3.4736155,1.255738678,5.999224548,6.270610199
3.4835785,1.678908691,7.657176819,3.998485107
3.4935405,0.1172062683,4.151317291,7.99517395
3.5035035,-0.636177063,0.7942483521,12.97232391
3.5134665,0.4634362793,6.5864534,8.579259338
3.5234295,2.099533997,8.813222809,5.441933441
3.5333925,0.5628295898,5.872887268,5.263205109
3.5433555,-1.519639893,1.561852112,8.682394867
3.5533185,-1.486259308,3.842659149,8.919651489
3.5632815,-0.06466552734,6.186036072,7.635172577
3.5732445,-0.3067121887,5.215155029,7.382647705
3.5832075,-1.249451752,1.819017334,9.256750488
3.5931705,-0.9104067993,1.870659943,9.626781006
3.6031335,0.3299139404,3.873944092,10.40950333
3.6130965,0.1309776306,4.913083191,9.564959564
3.6230595,-0.7131170654,2.626737671,11.39670044
3.6330215,-0.07574249268,1.955533447,12.33315308
3.6429845,1.138233032,4.048331451,10.56547897
3.6529475,1.779948578,6.173911285,8.271798706
3.6629105,1.21577179,3.3124617,9.417516174
3.6728735,0.7740403748,2.304757233,9.365723877
3.6828365,1.362616425,6.017336884,5.526208191
3.6927995,1.452279968,7.080725555,5.095254364
3.7027625,0.3863465881,5.271737366,7.231312408
3.7127255,-0.2656974792,2.33903595,10.0833316
3.7226885,0.419128418,1.907633057,10.54362442
3.7326515,1.336420898,5.060975647,6.257437592
3.7426145,1.659748535,6.093378754,4.293222198
3.7525775,0.8957373047,3.53250412,8.267008667
3.7625405,0.2139051819,1.456471252,10.90048233
3.7725025,0.3113525391,3.753893738,9.519603882
3.7824655,0.5313949585,4.284390564,10.84928879
3.7924285,0.190254364,4.881199493,9.957742767
3.8023915,-0.6959028625,4.585414581,10.45111679
3.8123545,-1.241069183,3.78293335,10.78582077
3.8223175,-0.7593708801,3.405717773,9.549990692
3.8322805,-0.4135899353,3.982019348,7.231013031
3.8422435,-0.1097218323,4.607269135,7.681127014
3.8522065,-0.0860710144,3.619922333,9.262588348
3.8621695,0.47271698,3.858226776,8.873846741
3.8721325,1.185534668,3.713926849,8.396639099
3.8820955,1.464554443,3.849095764,8.163124695
3.8920585,1.122964783,4.247866516,8.827742615
3.9020215,1.071920929,3.787723389,10.02465363
3.9119845,1.398841095,3.357518005,9.371561737
3.9219465,1.105151825,3.097808075,9.738897858
3.9319095,0.6712042236,3.361110535,9.857601013
3.9418725,0.5513035583,3.442241821,9.513316956
3.9518355,0.3664379883,3.771856384,9.278305664
3.9617985,0.2996768188,3.745660858,9.946516113
3.9717615,0.4382885742,4.621190186,8.83298172
3.9817245,0.05433700562,3.13702652,9.713899841
3.9916875,0.204175415,3.715124359,8.679251404
4.0016505,0.8677455139,5.085674286,7.949369202
4.0116135,0.8958869934,5.45615387,8.494086456
4.0215765,0.5463638306,5.217849426,8.322543182
4.0315395,0.4502636719,3.720363464,9.26124115
4.0415025,0.577199707,3.471580811,10.14260834
4.051465125,0.2354603577,4.932243347,9.510173492
4.061427125,0.1272354126,6.990762634,8.295599213
4.071390125,-0.3285667419,8.727451172,6.279591522
4.081353125,-1.519639893,3.749552765,8.962163086
4.091316125,-1.539548492,2.082319794,7.614515533
4.101279125,-0.5194198608,2.381397858,8.434210968
4.111242125,0.4502636719,4.180057526,6.666836243
4.121205125,0.4049079895,1.260678406,8.779243469
4.131168125,0.2381547546,1.728605347,8.823102264
4.141131125,0.5185217285,4.831053772,8.071664886
4.151094125,0.9574090576,5.912255402,8.046068115
4.161057125,0.6149212646,4.002227325,10.05354355
4.171020125,-0.2745291138,1.657802582,13.25688217
4.180983125,0.4908293152,5.642516327,10.51922516
4.190946125,0.7479945374,7.149732056,8.028105469
4.200908125,-0.05224136353,4.540807343,9.070687408
4.210871125,-0.5294490051,3.311563568,10.63613205
4.220834125,-0.1788780212,4.583019562,8.216114502
4.230797125,-0.08247848511,4.407584381,7.55404129
4.240760125,-0.7740403748,2.179318085,8.772357788
4.250723125,-1.452878723,0.4448748779,7.084617462
4.260686125,-0.4749623108,1.976040802,6.144272919
4.270649125,-0.1609153748,3.800147552,7.879165192
4.280612125,-0.03787124634,3.725901947,11.97135544
4.290575125,0.3191363525,1.292711792,12.31369354
4.300538125,0.5843847656,1.203647003,10.72579559
4.310501125,0.5108876038,2.073488159,11.32200577
4.320464125,0.1478924561,3.364852753,11.12621292
4.330427125,0.2944377136,4.747377777,9.658664703
4.340389125,-0.17902771,4.217479706,7.176825714
4.350352125,-0.9521699524,1.691781921,9.346713409
4.360315125,-0.9804611206,2.885100403,10.01148102
4.370278125,-1.333427124,4.699178009,9.650132446
4.380241125,-0.9545649719,2.797532501,10.47686325
4.390204125,0.1191522217,2.126777344,10.45171555
4.400167125,0.7210505676,3.373534698,9.285341034
4.410130125,1.163979492,4.735402679,8.667725372
4.420093125,1.355131989,3.85897522,8.976832581
4.430056125,1.103205872,3.211421814,9.677525482
4.440019125,0.9569599915,3.796854401,9.179960175
4.449982125,0.9675878906,5.42097702,9.094338226
4.459945125,0.5628295898,4.585115204,7.859106903
4.469908125,0.5257067871,3.416195984,5.946683807
4.479871125,0.1263372803,3.994892578,5.909111938
4.489833125,-0.1324745178,2.541265411,9.20271286
4.499796125,-0.1586700439,3.228037262,11.2498558
4.509759125,-0.8719367981,2.104324036,13.59323273
4.519722125,-0.5740562439,2.509980469,11.56734558
4.529685125,-0.5501060486,5.160818024,7.08835968
4.539648125,-1.266665955,4.95065506,6.931336212
4.549611125,-1.560055847,3.298989716,9.552236023
4.559574125,-1.109343109,3.529061279,11.64952469
4.569537125,-0.8414002991,6.678362274,7.060667267
4.579500125,0.1462458801,6.314468994,5.697751465
4.589463125,-0.4769082642,2.204166412,9.471553802
4.599426125,-0.8243357849,3.32069458,8.606802063
4.609389125,-0.3996688843,6.686595154,5.332510986
4.619351125,0.2076182556,2.819387054,8.007598114
4.629314125,-0.7610174561,-0.05748046875,10.59107574
4.639277125,-0.01182540894,4.62178894,7.710466003
4.649240125,0.8117619324,4.781207428,8.442743225
4.659203125,-0.489332428,0.288899231,11.29685806
4.669166125,-0.2761756897,3.311114502,8.083639984
4.679129125,1.907633057,8.312663727,5.221741333
4.689092125,2.221679993,6.186934204,8.654253387
4.699055125,0.5986051941,1.196611633,11.78259796
4.709018125,0.9994715881,5.666017456,9.59474762
4.718981125,1.099763031,2.473755798,14.9247139
4.728944125,0.630788269,-0.4680766296,13.24745178
4.738907125,1.372346191,0.06197113037,11.03505249
4.748870125,1.440604248,4.267775116,8.122259674
4.758833125,1.381626892,7.936495972,5.56497757
4.768795125,2.128274231,4.045337677,9.447753296
4.778758125,1.805844727,2.403701477,8.76741806
4.788721125,2.044897614,2.535427551,6.040388947
4.798684125,1.818418579,0.1202000427,11.01858673
4.808647125,2.18335968,4.267625427,10.31998947
4.818610125,1.99505127,5.970334625,9.529782715
4.828573125,0.9642947388,1.561253357,10.82713486
4.838536125,0.1354682922,0.4867877197,8.810229034
4.848499125,1.357826385,6.628366241,3.781885529
4.858462125,1.023272095,4.920717316,7.709418182
4.868425125,-0.0419128418,0.8777746582,11.53276749
4.878388125,0.3432362366,4.497098236,7.99517395
4.888351125,0.7464976501,7.065457306,6.516848145
4.898313125,1.026265869,4.90739502,9.059460754
4.908276125,1.088835754,4.001179504,9.590406647
4.918239125,1.03315155,4.318669281,8.631201324
4.928202125,0.6792874146,3.370091858,9.371861115
4.938165125,0.5981561279,3.5898349,9.906549225
4.948128125,0.9138496399,3.149001617,10.01627106
4.958091125,0.1450483704,0.9038204956,11.50836823
4.968054125,-0.2191442871,1.696422272,11.54339539
4.978017125,0.563278656,4.661905518,10.28825546
4.987980125,0.6283932495,3.91974884,9.799671478
4.997943125,0.846789093,1.59837616,9.836494904
5.007906125,0.6499484253,3.543281708,8.050558777
5.017869125,0.9240284729,4.221072235,7.620203705
5.027832125,1.070424042,4.473447418,7.922275543
5.037794125,1.231040039,4.073628845,9.325457611
5.047757,0.5813909912,4.100123749,6.06344101
5.05772,0.6997947693,3.395389252,6.590794373
5.067683,0.6077362061,2.756068726,9.332792358
5.077646,-0.3239263916,2.597847748,10.67624863
5.087609,1.287622375,4.079616394,10.03483246
5.097572,0.03143463135,6.881938934,9.879156189
5.107535,-0.666713562,4.919669495,10.11761032
5.117498,-0.923429718,0.9183403015,10.29259644
5.127461,-0.5448669434,2.378254395,7.967780914
5.137424,-0.2917433167,1.595831451,9.847721558
5.147387,-0.556842041,2.74858429,10.43719574
5.15735,0.1293310547,2.621648254,10.46518753
5.167313,0.2737806702,3.07969574,9.858499146
5.177275,-0.565973053,5.782774658,8.484057312
5.187238,-0.8675958252,4.021836548,10.12180161
5.197201,-0.3432362366,2.39052887,11.60521683
5.207164,-0.7605683899,3.394790497,9.450148315
5.217127,-1.20050354,3.165617065,8.211923218
5.22709,-1.500330048,2.888393555,8.896300049
5.237053,-1.212628326,4.891677704,8.070467377
5.247016,-0.639919281,5.223088531,6.753206635
5.256979,-0.5804928589,3.989354095,7.268135834
5.266942,-1.382974091,3.847598877,9.003626862
5.276905,-1.568588104,3.77006012,7.958649902
5.286868,-0.6090834045,3.771257629,7.500602417
5.296831,-1.213227081,3.235671387,8.186476135
5.306794,-1.479972382,4.45563446,7.104825439
5.316757,-1.148561554,4.357738037,7.232360229
5.326719,-2.009870453,2.850522308,9.675130463
5.336682,-2.037562866,3.404220886,10.30052994
5.346645,-1.434167633,2.649190979,10.20892044
5.356608,-0.9256750488,2.783461761,6.911577301
5.366571,-1.152154083,1.968256989,8.47612381
5.376534,-1.984573059,1.377435608,13.42468323
5.386497,-1.21801712,2.40804245,12.44631775
5.39646,-1.535806274,3.259920959,12.42057129
5.406423,-2.043999481,2.21733902,13.4249826
5.416386,-1.752106476,2.507286072,11.40463394
5.426349,-0.6288423157,4.542154541,5.169200592
5.436312,0.7758366394,3.617677002,7.484885101
5.446275,0.5385800171,2.206411743,14.36158493
5.456237,0.762664032,5.36244873,10.47776138
5.4662,0.8774752808,7.51901413,1.750908966
5.476163,0.4899311829,4.042942657,1.292113037
5.486126,0.5854325867,0.7494914246,9.543703766
5.496089,0.2128573608,1.857786713,13.71582779
5.506052,-1.494641876,4.92371109,11.84322189
5.516015,-2.028431854,4.002676392,10.58942917
5.525978,-0.2047741699,1.963017883,8.51938385
5.535941,0.1945953369,4.397704926,6.699318695
5.545904,-0.4192781067,6.00955307,6.869365082
5.555867,-1.210682373,3.235521698,10.46249313
5.56583,-1.299148407,2.002835083,11.58261383
5.575793,-1.970502319,3.203937378,11.43232635
5.585756,-1.926942902,3.836072845,11.87974594
5.595718,-0.6921606445,4.040847015,10.2916983
5.605681,-0.37676651,4.763544159,7.514224091
5.615644,-1.133293304,2.684367828,8.759783936
5.625607,-1.145418091,2.036065979,10.83042801
5.63557,-0.1862127686,3.869154053,8.695717163
5.645533,0.5288502502,5.284460907,7.535180511
5.655496,0.3885919189,2.837349701,9.107810211
5.665459,0.4565505981,4.317172394,7.453300781
5.675422,0.1386117554,6.296356659,5.246140594
5.685385,0.216000824,2.235900421,8.443641357
5.695348,-0.419128418,3.346291351,10.84210373
5.705311,-0.8723858643,5.573659515,11.36631363
5.715274,-0.1989363098,4.763244781,10.20203476
5.725236,0.1320254517,5.405409393,8.522078247
5.735199,0.9842033386,5.223836975,6.662195892
5.745162,1.10694809,5.151537323,3.905528412
5.755125,0.4857398987,5.22907608,4.134252777
5.765088,-0.9050180054,3.341651001,7.172185364
5.775051,-0.6011499023,2.846630402,6.776258698
5.785014,-0.6394702148,4.135300598,7.37501358
5.794977,-1.174308014,4.700525208,8.276738434
5.80494,-0.5703140259,1.547631683,10.20248383
5.814903,0.09804611206,1.689237213,10.72414902
5.824866,0.3365002441,2.576891327,11.77316757
5.834829,0.04894821167,2.45714035,13.04237823
5.844792,0.4784051514,5.2712883,9.766590271
5.854755,1.473685455,5.700296173,4.840184784
5.864717,0.8425978088,-0.1556762695,14.79508347
5.87468,1.287173309,4.319118347,12.05922272
5.884643,1.417252808,6.198609924,8.670868835
5.894606,0.2884501648,1.272354126,11.51495453
5.904569,0.315693512,1.683549042,11.31901199
5.914532,1.079255676,7.161258087,3.929478607
5.924495,0.5182223511,6.359824677,0.1722917175
5.934458,-1.375040588,-0.1806742859,10.72893906
5.944421,-1.521585846,1.179247742,15.12784149
5.954384,-0.1872605896,6.464157715,10.39408539
5.964347,0.7286846924,3.677253113,11.8498082
5.97431,2.077230377,0.4254153442,8.812025299
5.984273,1.848805389,0.5423222351,8.585995331
5.994236,1.141675873,1.944157104,13.53709946
6.004198,1.278341675,6.059249725,10.070159
6.014161,1.981279907,5.588478699,5.988147583
6.024124,1.411265259,-0.1743873596,6.560257874
6.034087,0.3050656128,3.407514038,2.88075943
6.04405,0.5418731689,6.250701599,5.99548233
6.0540125,0.7403604126,5.027295685,10.69810318
6.0639755,0.433049469,1.933229828,12.30216751
6.0739385,1.382674713,-2.537223816,18.51155502
6.0839015,1.432820435,4.471351776,11.47543671
6.0938645,0.3026705933,8.090076599,4.49545166
6.1038275,-0.1249900818,0.3430865479,6.692133636
6.1137905,0.450712738,-1.738484802,10.74495575
6.1237535,-0.4947212219,3.502566376,10.08797195
6.1337155,-0.8330177307,4.320166168,10.90721832
6.1436785,1.449435883,4.796625366,8.493338013
6.1536415,0.6738986206,3.379971313,6.617139587
6.1636045,-0.9517208862,5.896388397,4.949008484
6.1735675,-1.055006104,7.813302155,6.243217163
6.1835305,0.172591095,3.718866577,8.943451996
6.1934935,-0.04939727783,2.896327057,7.264543304
6.2034565,-1.649120636,1.177301788,11.54144943
6.2134195,-0.987197113,4.733756104,12.62235168
6.2233825,-1.332379303,8.741521912,8.326135712
6.2333455,-0.4010160828,-1.286424866,11.98063614
6.2433085,0.4209246826,0.2089654541,12.15861603
6.2532715,-0.8699908447,4.423750763,10.14635056
6.2632345,-0.107177124,7.840395813,3.13582901
6.2731965,-0.970581665,1.58310791,7.194339294
6.2831595,-1.819167023,0.2483335876,10.02585114
6.2931225,-1.042432251,2.83974472,10.91245743
6.3030855,-1.118923187,7.627987518,8.907975769
6.3130485,-0.4596940613,2.370021515,10.70424042
6.3230115,-0.2145039368,2.367476807,8.606652374
6.3329745,-0.6107299805,0.7375163269,8.686436462
6.3429375,-0.6346801758,5.75687851,7.750881958
6.3529005,-0.9210346985,7.256310425,8.695866852
6.3628635,0.8357121277,-1.509760437,13.53395599
6.3728265,0.9051676941,-3.572171631,14.79448471
6.3827895,-0.01287322998,4.287683716,9.504185944
6.3927525,-0.7044351196,8.004304962,6.467600555
6.4027155,0.2017803955,3.598217468,10.52117111
6.4126775,-0.2266287231,-0.1437011719,13.64517471
6.4226405,0.4590953064,5.819897461,9.47305069
6.4326035,-0.1574725342,9.141041107,6.455924835
6.4425665,1.435963898,2.790197754,6.625522156
6.4525295,1.393901367,4.640649719,2.64320343
6.4624925,-0.690813446,4.758305054,2.954256592
6.4724555,-0.653840332,3.801943817,6.475833435
6.4824185,0.06212081909,2.937641144,9.85685257
6.4923815,0.009280700684,3.014281769,11.38876694
6.5023445,-0.2707868958,4.04144577,10.34663406
6.5123075,-0.3335064697,2.315834198,8.64811615
6.5222705,-0.6072871399,1.019230499,8.941206665
6.5322335,-1.579216003,4.597539368,7.854316864
6.5421955,-0.4782554626,3.081342316,9.944719849
6.5521585,0.9440867615,2.88075943,10.07629623
6.5621215,0.8250842285,6.359974365,4.287983093
6.5720845,-0.1694476318,5.038821716,5.232967987
6.5820475,-0.4438270569,1.862576752,12.87996597
6.5920105,0.1511856079,2.876717834,14.35410049
6.6019735,-1.069076843,1.718725891,16.16847748
6.6119365,-0.4619393921,-0.6523434448,16.07522141
6.6218995,0.3864962769,3.605552216,10.20966888
6.6318625,0.4947212219,7.431296539,5.382956085
6.6418255,0.4001179504,4.827012177,4.574487305
6.6517885,-0.1056802368,2.156864777,7.000043335
6.6617515,-0.2324665833,3.451971588,11.14597183
6.6717145,1.335522766,7.191046143,5.6468573
6.6816765,1.132395172,5.633385315,2.976410522
6.6916395,0.6150709534,1.348545685,8.13797699
6.7016025,0.1336720276,2.422861633,10.64690964
6.7115655,-0.6240522766,4.942871246,11.96312256
6.7215285,0.4809498596,3.558999023,13.82554962
6.7314915,1.820065155,2.063608704,11.87600372
6.7414545,1.526824951,1.430425415,11.84382065
6.7514175,2.227667542,6.505771179,8.440198517
6.7613805,2.954106903,6.041885834,5.961203613
6.7713435,2.330204315,-0.187559967,9.834698639
6.7813065,1.359323273,0.9508227539,9.959988098
6.7912695,1.292412415,7.506739655,6.417155457
6.8012325,0.9535171509,2.430346069,9.067543945
6.8111945,0.6921606445,0.3124003601,7.966433716
6.8211575,-0.0008981323242,3.552861786,5.233566742
6.8311205,-0.1076261902,3.260220337,9.263187103
6.8410835,0.1493893433,3.746259613,10.73268127
6.8510465,-0.4511618042,2.274969177,11.83049835
6.8610095,-0.468974762,1.22385498,11.36077515
6.8709725,0.5668711853,4.226910095,8.884923706
6.8809355,1.222208405,4.881199493,8.19530777
6.8908985,1.744921417,6.912026367,1.774260406
6.9008615,0.8072712708,2.115999756,3.945944366
6.9108245,0.9351054382,0.07903564453,8.275690613
6.9207875,0.1951940918,4.352199554,15.13412842
6.9307505,0.5301974487,1.789378967,22.01951019
6.9407135,3.289559326,7.801177368,7.247329102
6.9506755,2.576292572,3.68114502,5.742358704
6.9606385,1.429377594,-2.578986969,12.30785568
6.9706015,1.687890015,7.554640045,5.994883575
6.9805645,0.01990859985,10.25756927,3.986060944
6.9905275,1.152902527,-2.121987305,11.41945312
7.0004905,1.215622101,0.8181985474,7.898175659
7.0104535,-0.2245330811,4.204456787,9.534722443
7.0204165,-0.706381073,0.06556365967,15.37093597
7.0303795,-0.04685256958,2.650837555,12.2584584
7.0403425,-0.5355862427,3.299289093,10.1378183
7.050305875,-0.3173400879,1.952240295,10.65469345
7.060268875,0.988843689,5.538482666,8.566835175
7.070231875,0.8916957092,7.236701202,5.656138
7.080193875,0.8193960571,2.932102661,6.981781311
7.090156875,0.599203949,3.363206177,6.784042511
7.100119875,-0.1591191101,3.20603302,8.657995605
7.110082875,-0.5789959717,1.783541107,11.47843048
7.120045875,-0.4569996643,2.894081726,10.56143738
7.130008875,-0.3796105957,0.3632945251,10.95586716
7.139971875,0.1529818726,1.762584686,8.774154053
7.149934875,-0.2118095398,4.637356567,7.385342102
7.159897875,-0.2314187622,1.695973206,8.856931915
7.169860875,0.5149291992,2.831511841,8.041427765
7.179823875,0.3514691162,4.757257233,8.140970764
7.189786875,0.4122427368,4.201463013,8.833580475
7.199749875,0.9806108093,4.265829163,9.269773407
7.209712875,0.2085163879,2.856958923,12.69285507
7.219674875,-0.14040802,1.665736084,14.73670486
7.229637875,0.2630030823,1.990111542,11.39250916
7.239600875,0.0983454895,0.1582209778,12.18675751
7.249563875,-1.347348175,5.84339859,8.404123535
7.259526875,-1.005459137,8.130342865,4.478536835
7.269489875,1.139430542,4.687202911,5.792953491
7.279452875,1.146615601,5.860014038,5.379962311
7.289415875,-0.01287322998,4.921914825,6.62267807
7.299378875,0.3864962769,1.128952332,12.02509369
7.309341875,0.1483415222,2.734214172,11.63710052
7.319304875,-1.767674103,5.673352203,7.154073029
7.329267875,-2.692600708,1.121767273,9.403146057
7.339230875,-1.776805115,0.8885522461,10.24843826
7.349192875,-0.7707472229,2.822680206,10.49183212
7.359155875,-0.2429447937,3.396437073,11.88902664
7.369118875,0.7515870667,1.936822357,12.14843719
7.379081875,-0.1654060364,8.498427429,4.449347534
7.389044875,-0.6626719666,2.246079254,8.434360657
7.399007875,-0.8318202209,3.375780029,9.589059448
7.408970875,-0.4650828552,7.771089935,5.668711853
7.418933875,-1.044228516,-1.143023071,10.7389682
7.428896875,-1.11622879,0.5921685791,9.375453644
7.438859875,-2.705324249,7.835905151,1.655407562
7.448822875,-2.508782959,2.663261719,7.321724396
7.458785875,-0.3529660034,1.31052475,12.67758682
7.468748875,-0.1806742859,3.581003265,12.88281006
7.478711875,-1.8194664,2.599194946,13.08039917
7.488673875,-1.698218536,0.9487271118,11.34610565
7.498636875,-0.3197351074,0.5017565918,10.31250504
7.508599875,0.08187973022,10.00549347,3.618575134
7.518562875,-0.7587721252,6.004613342,4.992867279
7.528525875,-0.4715194702,-3.756139069,15.33516037
7.538488875,-1.217568054,5.861660614,10.57775345
7.548451875,-1.808389435,10.79614929,5.744903412
7.558414875,0.8330177307,0.9208850098,10.38435562
7.568377875,2.066003723,5.091661835,8.409212952
7.578340875,0.02559677124,5.198240204,9.149573364
7.588303875,-0.9616003418,0.4261637878,11.63186142
7.598266875,-0.3547622681,-1.647773438,14.42640015
7.608229875,-1.069226532,4.73420517,10.51772827
7.618191875,-1.887425079,5.569767609,7.678282928
7.628154875,0.09026229858,-0.1218466187,10.3753743
7.638117875,1.665436707,1.084494781,10.83836151
7.648080875,1.23912323,4.534969482,9.400002594
7.658043875,-0.121098175,6.36521347,5.105732574
7.668006875,-0.1963916016,1.211430817,7.747738495
7.677969875,-0.7333250427,2.079026642,9.397757263
7.687932875,-2.006427612,5.461392975,5.955964508
7.697895875,-2.234702911,5.359604645,3.844754791
7.707858875,-1.694027252,3.471730499,8.012986908
7.717821875,-1.447938995,0.5475613403,11.61105469
7.727784875,-0.785716095,0.3900888062,12.77413605
7.737747875,0.9830058289,1.561702423,13.63155304
7.747710875,2.046244812,1.217568054,13.64218094
7.757672875,0.033230896,3.215912476,9.651329956
7.767635875,-0.7783813477,5.11321701,4.755460968
7.777598875,1.401236115,2.79648468,6.73269928
7.787561875,3.170407104,3.79341156,7.92377243
7.797524875,1.926194458,4.403991852,8.656648407
7.807487875,-0.6007008362,2.678679657,10.14799713
7.817450875,-1.59717865,3.318000183,10.14395554
7.827413875,-2.135309601,5.978118439,8.553812256
7.837376875,-1.458417206,3.940405884,9.175619202
7.847339875,-1.250200195,1.738185425,11.97554672
7.857302875,-1.118025055,5.395380249,8.187823334
7.867265875,-1.027762756,6.501879272,3.865711212
7.877228875,-0.4831951904,4.079017639,6.777306519
7.887191875,-0.1218466187,3.459456024,8.161777496
7.897153875,0.2694396973,6.497238922,4.644391937
7.907116875,-0.4983137512,5.715714111,5.23850647
7.917079875,-1.1373349,0.1086740112,12.3647374
7.927042875,-1.276395721,2.145039368,13.76223129
7.937005875,-1.881587219,4.708309021,13.16826645
7.946968875,-1.151106262,2.411485291,10.47207321
7.956931875,-0.7361691284,1.749112701,9.193881226
7.966894875,-0.1975891113,2.36942276,11.9267482
7.976857875,0.443228302,6.146368561,9.408834229
7.986820875,0.3456312561,3.24465271,10.62849792
7.996783875,1.141526184,1.197958832,10.19814285
8.006746875,2.497556305,4.26148819,7.062912598
8.016709875,0.9282197571,5.771697693,6.971003723
8.026671875,-0.144150238,5.122198334,7.455695801
8.036634875,0.1014889526,3.89400238,8.727900238
8.046597875,0.1233435059,2.292931824,9.273066559
8.056560875,-0.1927990723,1.676214294,10.80303497
8.066523875,-1.420096893,8.06073761,8.049211578
8.076486875,-0.1550775146,7.180268555,7.998018036
8.086449875,1.690584412,2.645149384,10.0661174
8.096412875,0.669407959,5.776188354,7.792495422
8.106375875,-0.3920347595,5.558690643,8.458310852
8.116338875,1.264720001,2.912044373,9.066047058
8.126301875,2.018702087,0.8749305725,10.31819321
8.136264875,-0.1691482544,1.263971558,11.12277008
8.146227875,-0.4568499756,3.458108826,7.36573288
8.156190875,-0.1992356873,3.806135101,7.185357971
8.166153875,-0.7999365234,1.409768372,9.732311554
8.176115875,-0.1423539734,1.200204163,10.97697327
8.186078875,0.05224136353,3.295995941,9.358239441
8.196041875,0.5098397827,4.762047272,6.992708588
8.206004875,-0.06975494385,0.3378474426,9.324559479
8.215967875,0.1555265808,2.766397247,7.733368378
8.225930875,0.2302212524,0.342487793,10.13662079
8.235893875,-0.1901046753,2.625839539,11.79996185
8.245856875,0.177381134,7.210505676,8.672964478
8.255819875,0.9201365662,5.6468573,8.665779419
8.265782875,0.9174421692,2.529589691,9.564211121
8.275745875,-0.5566923523,5.302124176,8.010891266
8.285708875,-1.020428009,7.807314606,6.957531738
8.295671875,0.1793270874,5.103187866,8.015830994
8.305633875,-0.9351054382,5.094206543,9.066047058
8.315596875,-1.216520233,4.515509949,9.825717316
8.325559875,-0.1276844788,3.688479767,10.25876678
8.335522875,0.9608518982,4.756957855,9.35719162
8.345485875,0.647403717,4.092339935,8.748557281
8.355448875,-0.3064128113,2.865042114,9.119336243
8.365411875,-0.01706451416,2.201022949,9.326655121
8.375374875,-0.001646575928,3.0165271,9.090895386
8.385337875,-0.8009843445,4.363575897,9.273365936
8.395300875,-0.1478924561,2.461631012,12.35066666
8.405263875,0.610430603,2.851869507,10.93506042
8.415226875,0.123792572,3.754941559,8.713380432
8.425189875,0.2148033142,2.184108124,10.28062134
8.435152875,0.8906478882,4.956792297,4.974904633
8.445114875,0.1088237,5.567671967,1.907333679
8.455077875,-0.6310876465,3.138074341,5.101690979
8.465040875,-1.074465637,-1.934726715,19.43408661
8.475003875,0.277073822,2.778222656,15.75713287
8.484966875,-0.4697232056,7.178023224,7.452851715
8.494929875,-0.3824546814,1.157393188,9.877958679
8.504892875,0.772842865,0.1606159973,12.28016327
8.514855875,0.6325845337,7.270081787,4.21927597
8.524818875,-1.506167908,5.840704193,5.785618744
8.534781875,-0.8981323242,1.263522491,6.946454773
8.544744875,-0.3206332397,0.08771759033,10.86530548
8.554707875,-1.299298096,3.941902771,13.82569931
8.564670875,0.01481918335,7.33295105,7.862699432
8.574633875,1.953587494,4.347259827,3.296894073
8.584595875,0.5092410278,0.4406835938,7.663014679
8.594558875,-0.7319778442,3.739373932,9.581425323
8.604521875,-1.011895752,7.129524078,9.483229523
8.614484875,0.07768844604,3.455863495,9.718540192
8.624447875,1.010249176,-0.01092727661,10.5532045
8.634410875,0.443228302,2.316283264,10.59137512
8.644373875,0.08622070312,6.470294952,8.491242371
8.654336875,0.6230044556,4.054768066,10.80498093
8.664299875,1.780996399,1.001866608,11.23623413
8.674262875,1.220112762,1.741478577,11.0640921
8.684225875,-0.06676116943,3.932771759,12.01626205
8.694188875,-0.01601669312,5.922733612,7.351063385
8.704151875,0.4650828552,4.616699524,5.269641724
8.714114875,0.5700146484,2.850971375,5.270539856
8.724076875,0.4363426208,5.17414032,7.661218414
8.734039875,0.04730163574,7.88515274,7.903564453
8.744002875,-0.229921875,1.342558136,11.92644882
8.753965875,-0.9294172668,-2.375709686,15.26510605
8.763928875,-0.9446855164,5.662125549,9.383387146
8.773891875,0.4373904419,6.494694214,6.893614655
8.783854875,0.3603007507,-0.4074526978,11.11094467
8.793817875,-0.6791377258,-2.077080688,14.96363297
8.803780875,1.279688873,9.369765472,6.439309387
8.813743875,2.088457031,7.42066864,7.494465179
8.823706875,2.073637848,-2.294877777,14.04753799
8.833669875,-0.1496887207,3.710783386,5.622607727
8.843632875,-0.9970765686,10.77309723,1.321751404
8.853595875,1.70016449,-0.7476951599,9.356892242
8.863557875,0.8140072632,-0.6557862854,13.43710739
8.873520875,-1.528022461,2.579436035,13.56254654
8.883483875,0.3477268982,7.055877228,9.206604767
8.893446875,2.35415451,4.524790649,7.852370911
8.903409875,-0.7976911926,5.115462341,3.67875
8.913372875,-2.434836731,0.5879772949,8.233478394
8.923335875,-1.86048111,3.797752533,9.603728943
8.933298875,1.034049683,5.750142517,7.131769409
8.943261875,1.181193695,2.14009964,9.452393646
8.953224875,0.6843768311,-0.3492237854,9.079369354
8.963187875,0.3294648743,6.533463593,4.176315308
8.973150875,0.6689588928,8.478967896,9.106313324
8.983113875,1.14197525,1.067430267,9.555828552
8.993076875,-0.5445675659,3.395089874,5.831872559
9.003039875,-2.768492889,7.586224365,11.75969559
9.013001875,-1.359472961,-0.6503974915,16.78085403
9.022964875,-0.4776567078,0.6891668701,10.22568558
9.032927875,-1.20289856,7.469916229,5.351222076
9.042890875,-1.638792114,5.310207367,2.054328003
9.05285425,-1.356030121,-1.303938446,8.842112732
9.06281725,-0.8619076538,5.828130341,8.97803009
9.07278025,-2.107018433,2.631078644,11.51255951
9.08274325,-0.2287243652,-1.611099701,12.87337967
9.09270625,1.643282776,1.474733276,12.43524078
9.10266925,1.964514771,7.272177429,7.676786041
9.11263225,0.9092092896,5.5579422,6.34769989
9.12259525,-0.9270222473,0.5328918457,8.89270752
9.13255825,-0.960402832,4.413721619,8.983269196
9.14252125,-1.223405914,5.779780884,9.275162201
9.15248325,-2.150727539,3.163820801,10.97697327
9.16244625,-0.7214996338,1.790576477,11.12306946
9.17240925,-0.6530918884,2.795436859,9.150920563
9.18237225,-0.9533674622,-1.055604858,15.4104538
9.19233525,-0.6135740662,3.232827301,15.66073334
9.20229825,1.360221405,6.404132538,6.622977448
9.21226125,1.625020752,3.441792755,5.643414459
9.22222425,2.184257813,-3.222947845,12.54361542
9.23218725,3.288960571,8.31460968,4.13275589
9.24215025,1.154698792,10.9353598,-0.3764671326
9.25211325,-0.8008346558,0.860710144,7.193141785
9.26207625,-0.3309617615,-3.193459167,14.69449265
9.27203925,-0.749790802,2.821482697,14.54465424
9.28200225,-1.534908142,8.888665924,8.451724548
9.29196525,-0.6735992432,2.403551788,9.700278168
9.30192725,0.505947876,1.17355957,10.1921553
9.31189025,1.562899933,2.906655579,9.225615234
9.32185325,1.859133911,1.993105316,9.445058899
9.33181625,1.133892059,1.425335999,14.03346725
9.34177925,4.038751373,3.065774689,11.02143082
9.35174225,3.474574585,3.911216583,8.918903046
9.36170525,1.299747162,3.712280273,10.31085846
9.37166825,2.400558014,5.224884796,5.060376892
9.38163125,2.899769897,8.745862885,-5.013374634
9.39159425,-0.8387059021,5.305417328,-1.921404419
9.40155725,-1.904190216,-1.034798126,9.624984741
9.41152025,0.3963757324,4.558769989,11.3468541
9.42148325,0.2032772827,5.619464264,14.93204865
9.43144625,-0.7493417358,2.950214996,16.91422668
9.44140925,-0.7596702576,4.961282959,12.47266296
9.45137125,1.464255066,3.250640259,9.113648071
9.46133425,2.034269714,2.787203979,7.068301392
9.47129725,1.858235779,3.083437958,6.748865662
9.48126025,-0.6617738342,1.852996674,11.44355301
9.49122325,0.4379891968,3.284020844,9.568701782
9.50118625,1.840422821,4.91667572,6.414161682
9.51114925,2.366129608,2.160307617,5.932014313
9.52111225,1.807341614,2.591261444,7.7529776
9.53107525,0.4772076416,5.855972443,10.17149826
9.54103825,-0.3448828125,1.615440674,15.39069489
9.55100125,-0.09610015869,1.78788208,10.28166916
9.56096425,1.095422058,5.320685577,3.822600861
9.57092725,0.4939727783,1.492845612,8.060138855
9.58089025,-0.520916748,-1.219514008,11.61210251
9.59085225,0.9704319763,4.57149353,9.982441406
9.60081525,1.25319397,6.92100769,7.200177155
9.61077825,-0.8300239563,6.371201019,8.07241333
9.62074125,-1.254541168,6.904841309,8.582702179
9.63070425,-0.3760180664,4.43812088,7.649243317
9.64066725,-0.2893482971,5.251828766,7.405101013
9.65063025,0.3668870544,5.953719177,5.864953766
9.66059325,-0.2986289978,0.3504212952,9.414372711
9.67055625,-1.003662872,2.318229218,9.698930969
9.68051925,-0.04206253052,6.338568878,6.70111496
9.69048225,0.2636018372,-1.102307739,10.97772171
9.70044525,-0.007334747314,0.06571334839,12.40679993
9.71040825,0.3519181824,2.362686768,11.8789975
9.72037125,-0.4605921936,-0.5060975647,13.37513626
9.73033425,-0.5611830139,1.144819336,11.59443924
9.74029625,0.259410553,8.377478943,5.092559967
9.75025925,0.2646496582,8.58375,3.449277191
9.76022225,-0.0513432312,5.00095047,6.754703522
9.77018525,0.5090913391,7.02399353,6.297554169
9.78014825,1.295106812,3.67875,10.93565918
9.79011125,0.7494914246,3.195405121,11.65057251
9.80007425,-0.04116439819,2.883753204,11.52692963
9.81003725,-0.1603166199,2.399061127,9.450447693
9.82000025,0.1537303162,4.909340973,4.882546692
9.82996325,-0.2860551453,2.471061401,7.19718338
9.83992625,-1.627864838,1.235830078,11.94980026
9.84988925,-1.072369995,3.544778595,11.17680771
9.85985225,-0.3727249146,4.018543396,13.1887738
9.86981525,-0.06631210327,3.385659485,11.62467636
9.87977825,-0.4667294312,3.353027344,11.18533997
9.88974125,0.6855743408,5.999673615,4.779411163
9.89970325,0.7360194397,1.604363708,7.511829071
9.90966625,-0.1742376709,0.2287243652,11.72826096
9.91962925,1.117575989,6.673871613,5.221741333
9.92959225,-0.07484436035,8.010741577,1.984872437
9.93955525,-1.196461945,-0.4564009094,9.744885406
9.94951825,-0.0889151001,10.51593201,3.044818268
9.95948125,0.5325924683,3.974235535,6.674470367
9.96944425,0.01901046753,-5.970184937,15.13083527
9.97940725,0.9142987061,-0.9184899902,12.71740402
9.98937025,0.8361611938,4.459526367,10.24544449
9.99933325,0.3549119568,6.555168457,8.839867401
10.00929625,0.1182540894,2.462379456,9.864187317
10.01925925,0.5722599792,-0.1073268127,14.37700287
10.02922225,1.294657745,4.231101379,10.80333435
10.03918525,0.5993536377,7.537276154,7.325466614
10.04914825,-0.74065979,4.673730927,9.786199493
10.05911025,-1.534459076,3.47277832,8.841963043
10.06907325,-0.9410929871,4.97280899,7.110513611
10.07903625,-1.209185486,2.215243378,11.29610962
10.08899925,-1.321152649,1.212328949,12.74584488
10.09896225,-0.6179150391,3.521427155,9.773475952
10.10892525,0.01137634277,4.758005676,8.774752808
10.11888825,-0.155975647,3.863016815,9.566157074
10.12885125,0.3749702454,5.050946503,5.951922913
10.13881425,0.4552033997,3.854334869,5.970783691
10.14877725,0.8050259399,1.490749969,6.670578461
10.15874025,0.6497987366,2.262545013,9.342522125
10.16870325,0.5801934814,6.03529953,9.324559479
10.17866625,0.6010002136,4.810696106,9.888586578
10.18862925,0.4541555786,1.112935638,13.2154184
10.19859225,0.7667056274,3.668571167,9.591604156
10.20855525,-0.3086581421,2.083217926,10.4815036
10.21851725,-0.2707868958,2.534080353,6.321803741
10.22848025,0.2311193848,4.056264954,5.869893494
10.23844325,0.04131408691,1.778451691,12.36264175
10.24840625,-0.2186952209,5.434748383,6.279741211
10.25836925,-0.4195774841,5.272485809,6.126909027
10.26833225,1.11982132,0.6212081909,12.13556396
10.27829525,1.634301453,0.8177494812,12.10158463
10.28825825,0.9074130249,5.934559021,7.301965485
10.29822125,0.6045927429,4.179758148,7.78336441
10.30818425,0.8363108826,4.174219666,8.95812149
10.31814725,0.7318281555,1.814376984,13.49488724
10.32811025,-0.02859054565,3.723656616,11.63635208
10.33807325,-0.093256073,6.761140137,6.800059204
10.34803625,-0.2588117981,2.053280182,9.383087769
10.35799925,-0.8096662903,1.39943985,10.2785257
10.36796225,-0.3790118408,4.085603943,8.483907623
10.37792425,-0.6821315002,2.152823181,8.482710114
10.38788725,-1.039288788,2.281555481,7.679480438
10.39785025,-0.5556445312,5.17878067,8.253686371
10.40781325,-0.1151106262,7.083419952,8.249794464
10.41777625,0.4290078735,2.819836121,10.73432785
10.42773925,1.123413849,0.8370593262,10.51892578
10.43770225,1.02267334,3.817062378,8.536148987
10.44766525,-0.05373825073,1.582958221,12.46248413
10.45762825,-0.4552033997,2.045496368,13.15210007
10.46759125,-0.4197271729,2.732866974,10.19844223
10.47755425,-0.2737806702,3.739074554,9.182355194
10.48751725,0.06975494385,5.249882812,8.054300995
10.49748025,-0.3838018799,4.993016968,6.52792511
10.50744325,-0.2163002014,5.246140594,5.657634888
10.51740625,0.06466552734,3.015778656,5.327122192
10.52736925,0.4342469788,1.313668213,6.816075897
10.53733225,0.1508862305,1.255588989,9.858948212
10.54729425,0.2848576355,4.507277069,7.842341766
10.55725725,0.05613327026,0.2444416809,11.71164551
10.56722025,-0.6747967529,0.3318598938,13.08039917
10.57718325,-0.3308120728,4.50368454,10.06626709
10.58714625,0.1832189941,2.002535706,12.50843857
10.59710925,0.8738827515,2.999761963,8.071814575
10.60707225,-0.09999206543,1.136586456,8.544232178
10.61703525,0.2124082947,7.856262817,7.882308655
10.62699825,0.7982899475,8.945547638,5.431754608
10.63696125,-0.2686912537,-0.8050259399,12.65543289
10.64692425,0.8337661743,1.659598846,9.679022369
10.65688725,2.289638672,4.075125732,7.565118256
10.66685025,0.2796185303,3.169508972,10.99628311
10.67681325,-0.7948471069,4.024381256,10.32193542
10.68677625,-0.4616400146,1.967508545,12.64315842
10.69673925,0.3902384949,3.061882782,10.66651886
10.70670225,0.2534230042,4.282594299,8.073461151
10.71666525,1.325343933,4.492457886,8.548722839
10.72662725,0.8418493652,3.862717438,9.632618866
10.73659025,0.4257147217,5.02205658,6.546935577
10.74655325,0.4671784973,4.192930756,6.754703522
10.75651625,0.06975494385,1.901495819,9.773176575
10.76647925,-1.089733887,3.633843384,9.13250885
10.77644225,0.06765930176,5.828429718,7.238048401
10.78640525,2.320474548,1.708696747,12.23929825
10.79636825,-1.072519684,2.281106415,8.349187775
10.80633125,-0.8738827515,3.206631775,6.5758255
10.81629425,-0.7355703735,-0.09520202637,9.580527191
10.82625725,-1.510209503,2.675685883,9.774523773
10.83622025,0.9142987061,2.579885101,10.93116852
10.84618325,0.8961863708,2.620151367,9.3946138
10.85614625,0.1872605896,4.450245667,8.585995331
10.86610925,1.599573669,6.758745117,2.279759216
10.87607225,0.9213340759,5.136867828,4.563859406
10.88603525,-1.412612457,2.508782959,8.772507477
10.89599825,-1.719474335,1.781595154,10.89868607
10.90596125,-0.6134243774,1.185085602,14.35230423
10.91592325,0.3083587646,2.466121674,11.75610306
10.92588625,1.066382446,2.52973938,8.45621521
10.93584925,1.243913269,1.719923401,10.25697052
10.94581225,-0.1257385254,0.4671784973,11.73709259
10.95577525,0.4125421143,4.474644928,9.097032623
10.96573825,0.9557624817,4.619842987,11.41735748
10.97570125,0.4888833618,1.794318695,12.58343262
10.98566425,0.603993988,2.780018921,12.67983215
10.99562725,0.1419049072,3.134032745,10.03782623
11.00559025,-0.5417234802,2.790048065,8.660839691
11.01555325,-0.8234376526,3.224893799,7.865393829
11.02551625,-0.8701405334,1.963766327,10.14605118
11.03547925,-0.9053173828,5.285059662,4.979395294
11.04544225,0.1992356873,4.954846344,5.044509888
11.05540529,0.03966751099,-1.693727875,10.40291702
11.06536829,1.000220032,0.5099894714,9.137448578
11.07533129,1.258732452,5.149890747,7.915389862
11.08529429,1.003812561,4.660857697,10.97083603
11.09525629,0.3882925415,3.71617218,7.165748749
11.10521929,0.7752378845,2.61401413,5.63518158
11.11518229,0.726738739,1.30932724,8.049361267
11.12514529,0.3308120728,1.12206665,10.93820389
11.13510829,-0.04355941772,2.649939423,10.22463776
11.14507129,-0.01077758789,2.937641144,9.108259277
11.15503429,-0.2597099304,2.630030823,9.983040161
11.16499729,0.4194277954,3.256029053,12.97711395
11.17496029,0.1818717957,3.101250916,12.4270079
11.18492329,-0.458795929,-0.6204597473,11.53186935
11.19488629,0.01047821045,-0.4637356567,10.02300705
11.20484929,0.07484436035,4.761897583,8.600814514
11.21481229,-0.7071295166,4.842879181,9.381441193
11.22477529,-0.6709048462,5.416037292,8.677455139
11.23473829,0.4933740234,1.51874176,10.56413177
11.24470129,0.4180805969,0.7197033691,10.01013382
11.25466429,-1.184037781,3.327879639,8.150550842
11.26462729,-1.240021362,3.902384949,9.029672699
11.27459029,-0.4143383789,2.455942841,11.39475449
11.28455329,0.2975811768,2.452200623,9.107061768
11.29451629,-0.2674937439,4.205953674,7.621401215
11.30447829,-0.3580554199,1.882485352,8.541537781
11.31444129,0.2874023438,0.9836045837,11.03056183
11.32440429,0.008981323242,4.55158493,8.591683502
11.33436729,-0.537532196,3.121608582,9.95040802
11.34433029,0.04206253052,-0.03248245239,11.58231445
11.35429329,0.7301815796,1.025517426,10.1059346
11.36425629,0.2709365845,2.05582489,8.430169373
11.37421929,-0.1333726501,-0.8619076538,11.04642883
11.38418229,0.217048645,0.6339317322,11.30883316
11.39414529,0.4284091187,2.518363037,9.569899292
11.40410829,0.2124082947,1.994003448,10.35037628
11.41407129,0.07963439941,2.458637238,9.914033661
11.42403429,0.320483551,2.292482758,9.810748444
11.43399729,0.3029699707,2.856060791,8.027057648
11.44396029,0.02020797729,0.8614585876,9.918973389
11.45392329,-0.1172062683,0.1041833496,13.69008133
11.46388629,-0.966839447,3.71736969,8.954828339
11.47384929,-0.887504425,3.099903717,8.386160889
11.48381229,-0.4923262024,1.359023895,10.9685907
11.49377529,0.01960922241,5.122198334,8.949589233
11.50373829,-0.6827302551,8.038733368,4.162094879
11.51370029,-0.3415896606,6.213878174,4.004173279
11.52366329,0.3598516846,2.185455322,6.479276276
11.53362629,-0.2893482971,0.9449848938,5.477259979
11.54358929,-1.163829803,2.391127625,7.533833313
11.55355229,-1.682650909,4.604425049,9.05407196
11.56351529,-1.45677063,1.912423096,12.20097794
11.57347829,-1.192869415,1.94939621,10.38315811
11.58344129,-0.3007246399,3.795058136,9.562564545
11.59340429,-0.4830455017,1.064137115,11.37364838
11.60336729,-0.3227288818,0.6982978821,8.699459381
11.61333029,0.2067201233,1.96226944,7.052434387
11.62329329,-0.2062710571,-1.415456543,13.19042038
11.63325629,-0.1761836243,-0.2930905151,15.32004181
11.64321929,0.02050735474,4.370910645,11.86238205
11.65318229,0.816252594,1.875749359,12.8623027
11.66314529,0.7182064819,-1.277892609,12.29632965
11.67310829,0.9349557495,4.801565094,4.398153992
11.68307129,0.1360670471,5.068160706,5.026846619
11.69303429,-0.7671546936,1.484013977,8.053103485
11.70299729,-1.431323547,3.532803497,4.22990387
11.71296029,-1.129401398,6.372847595,0.5090913391
11.72292329,-0.1981878662,4.096830597,3.758833466
11.73288629,-0.2050735474,0.2878514099,10.24709106
11.74284929,-0.03712280273,2.238894196,11.88273972
11.75281129,-0.844094696,3.503913574,10.91290649
11.76277429,-0.8198451233,3.805536346,8.764274597
11.77273729,0.04760101318,3.214565277,6.891219635
11.78270029,0.2432441711,2.411934357,8.595575409
11.79266329,-0.3848497009,5.336851959,7.222630463
11.80262629,-0.6418652344,5.676495667,8.423583069
11.81258929,-0.2257305908,1.97274765,12.08481949
11.82255229,0.0339793396,0.6300398254,13.59817245
11.83251529,-0.01496887207,2.939736786,10.16910324
11.84247829,-1.676962738,2.73451355,9.627230072
11.85244129,-0.9767189026,1.683848419,7.897576904
11.86240429,-1.723665619,2.636617126,6.858886871
11.87236729,-0.5266049194,3.70210144,7.690258026
11.88233029,-0.6524931335,2.757266235,7.855214996
11.89229329,-0.5041516113,1.465153198,8.270750885
11.90225629,-0.009580078125,2.18455719,7.88515274
11.91221929,-0.6258485413,3.712579651,9.707163849
11.92218229,-1.424437866,0.3962260437,14.99880981
11.93214529,-0.4200265503,1.051712952,14.48702408
11.94210829,-0.1989363098,4.218377838,9.411079559
11.95207129,-0.4722679138,3.599564667,10.64256866
11.96203429,-0.9768685913,3.106490021,10.46249313
11.97199729,0.08472381592,4.638703766,7.621850281
11.98196029,0.1887574768,4.20056488,6.500083008
11.99192329,-0.0137713623,3.02116745,8.610095215
12.00188629,-0.1963916016,5.984704742,4.91203537
12.01184829,0.3372486877,1.77620636,7.505242767
12.02181129,0.4418811035,0.6725514221,9.290580139
12.03177429,1.0975177,8.630303192,6.992259521
12.04173729,-0.2369572449,7.816894684,8.464747467
12.05170029,-0.4602928162,4.212989044,11.25808868
12.06166312,-0.01901046753,-1.87095932,13.5100058
12.07162612,-0.702638855,-3.822750549,13.25987595
12.08158912,-1.785187683,0.9521699524,10.17134857
12.09155212,-1.228495331,4.34336792,8.635542297
12.10151512,-1.256786499,2.066303101,9.121431885
12.11147812,-1.305585022,-0.565973053,11.84322189
12.12144113,-0.05104385376,2.436932373,12.18900284
12.13140413,1.656754761,6.158044281,13.22589661
12.14136712,1.719624023,6.002966766,7.564818878
12.15133012,1.197509766,2.290237427,8.716523895
12.16129312,0.523611145,-8.096513214,42.65874069
12.17125612,-1.079555054,-5.347479858,50.9862236
12.18121912,-2.283501434,-25.31296143,65.02762436
12.19118212,6.095474396,12.45769409,-46.09768936
12.20114513,-8.943302307,-5.91015976,21.95993408
12.21110813,3.23881485,17.5059462,1.157692566
12.22107113,-0.3992198181,22.30287094,-16.62577652
12.23103412,-6.826404419,9.698781281,-31.53896439
12.24099712,-0.0730480957,4.485272827,-21.5602652
12.25096012,4.38543045,7.444169769,-4.371958466
12.26092312,1.005908203,6.997199249,3.459755402
12.27088612,-1.542542267,-2.142494659,17.14519638
12.28084912,-0.3764671326,1.466500397,14.47010925
12.29081213,-0.4343966675,9.493707733,11.7249678
12.30077513,2.397414551,8.84001709,15.48260376
12.31073812,1.768422546,1.96690979,9.069489899
12.32070112,0.876277771,-0.6896159363,2.583327942
12.33066412,-0.6810836792,3.457510071,5.953270111
12.34062612,-0.5260061646,4.580474854,12.86439835
12.35058912,0.8313711548,2.340682526,11.53755753
12.36055212,0.8201445007,-4.098926239,14.90854752
12.37051512,0.9461824036,1.628164215,19.08336594
12.38047813,2.110012207,11.87705154,12.77847702
12.39044113,0.669407959,3.701802063,13.90383682
12.40040413,0.4150868225,-4.140839081,15.69351517
12.41036712,1.89790329,3.087778931,10.07315277
12.42033012,-0.2200424194,6.42374176,6.977290649
12.43029312,-2.054328003,9.41796524,2.441572723
12.44025612,-0.3953279114,5.582790527,-1.199755096
12.45021912,-0.04939727783,0.9735754395,0.6749464417
12.46018212,0.3826043701,5.607638855,1.953587494
12.47014513,1.394949188,5.175188141,18.88592651
12.48010813,1.399140472,9.203760681,10.04680756
12.49007112,1.623074799,-2.848726044,13.82689682
12.50003412,2.964734802,10.92398346,3.859723663
12.50999712,1.397493896,16.56874512,-10.71801178
12.51996012,-6.673572235,11.8921701,-6.822063446
12.52992312,-4.327800293,-31.78939362,36.43872528
12.53988612,3.005300446,-27.24679001,45.945905
12.54984913,4.431983643,4.947062531,6.359525299
12.55981213,-0.2312690735,11.59339142,4.876858521
12.56977513,-3.106639709,3.144660645,14.53492447
12.57973812,8.484356689,-10.86470673,19.15566559
12.58970112,1.504970398,-8.443940735,15.37078629
12.59966412,-5.357958069,7.704029388,1.119372253
12.60962712,-4.474195862,10.29499146,-3.849993896
12.61959012,-4.636608124,-1.207838287,9.561516724
12.62955312,1.24496109,-5.372627563,10.3991748
12.63951613,-2.037263489,2.03950882,7.753726044
12.64947913,-1.972298584,7.619904327,4.580175476
12.65944212,2.777025146,18.55855728,-2.949466553
12.66940512,2.814447327,21.84572159,-4.392615509
12.67936812,2.964136047,5.272336121,12.43509109
12.68933112,-0.4890330505,-4.801864471,21.74962143
12.69929412,-1.654808807,-7.707023163,17.68467453
12.70925712,2.662513275,-1.31396759,3.351530457
12.71922012,0.2921923828,9.326505432,-4.516408081
12.72918313,-3.027304688,13.43067078,0.7445516968
12.73914613,3.469185791,12.77503418,7.941585388
12.74910912,3.820804596,1.906435547,16.11833176
12.75907212,1.480271759,-2.433339844,19.48572922
12.76903512,1.913770294,9.827812958,9.621392212
12.77899812,-2.051633606,2.994822235,10.1604213
12.78896112,-4.1339534,-5.943240967,13.33591782
12.79892412,-2.524649963,3.106490021,5.882617035
12.80888713,-2.791095886,2.137554932,15.33785477
12.81884913,-1.961820374,3.42248291,15.10763351
12.82881213,1.306782532,5.430557098,9.552236023
12.83877512,0.9062155151,7.284601593,0.699944458
12.84873812,-1.572480011,6.087091827,-1.995350647
12.85870112,-0.03218307495,-3.138972473,13.0600415
12.86866412,1.204844513,4.727469177,12.30800537
12.87862712,-0.7640112305,5.363945618,7.974666595
12.88859012,-2.766996002,1.715582428,9.275760956
12.89855313,-2.712509308,0.1219963074,15.21705597
12.90851613,-0.3644920349,1.462907867,16.53686142
12.91847913,0.3764671326,4.992268524,3.556903381
12.92844212,1.24151825,2.082319794,7.439679108
12.93840512,1.334474945,0.269589386,10.35531601
12.94836812,1.639091492,8.529412994,-1.792223053
12.95833112,1.046174469,7.839347992,-9.531279602
12.96829412,0.965791626,-3.290906525,-7.710466003
12.97825712,-0.3104544067,0.276026001,-7.534581757
12.98822013,-2.989134064,9.355395355,-5.967340851
12.99818313,0.4047583008,-1.696422272,23.53316254
13.00814612,2.190245361,-6.660998383,38.18050323
13.01810912,-1.097817078,4.732708282,24.32082458
13.02807212,1.250050507,4.834646301,18.86467072
13.03803512,-1.796264648,-1.814975739,12.16071167
13.04799812,-0.4614903259,-3.523971863,12.91035278
13.057961,-0.5780978394,2.659519501,16.28074402
13.067924,-0.813558197,9.422156525,18.50541779
13.077887,2.272574158,6.867718506,24.45240097
13.08785,2.896327057,-1.230740662,19.73615845
13.097813,2.918331299,-1.708996124,8.688981171
13.107776,0.4655319214,-3.00365387,17.27003677
13.117739,-0.9892927551,1.082848206,17.84858368
13.127702,-2.844085693,6.373146973,5.477110291
13.137665,-1.860181732,1.801653442,6.265221405
13.147628,-2.037413177,2.508034515,10.81815353
13.157591,-4.130061493,8.08528656,8.092770996
13.167554,-3.568130035,10.20727386,4.616549835
13.177517,-1.485361176,-0.3052153015,7.710166626
13.18748,-1.027912445,-1.096469879,7.292086029
13.197443,-2.227068787,6.059549103,6.435567169
13.207406,-2.444865875,2.531835022,14.88833954
13.217369,-1.089434509,4.434528351,11.38936569
13.227332,-1.443298645,4.960684204,7.154073029
13.237295,-0.7619155884,9.042845306,6.11014389
13.247258,-0.4983137512,4.211791534,9.40868454
13.257221,1.528471527,-0.7849676514,6.988816681
13.267184,1.769620056,-1.478176117,7.231611786
13.277147,0.9813592529,-5.384602661,11.35224289
13.28711,0.06840774536,-1.416204987,11.7568515
13.297073,-1.768272858,-1.626068573,10.18182678
13.307036,-2.341730347,-6.005810852,10.9923912
13.316999,-2.383792877,-3.092868347,9.32321228
13.326962,-1.49419281,13.74471771,5.267995148
13.336925,0.1251397705,22.68547531,6.638844452
13.346888,0.8839118958,12.02254898,9.541159058
13.356851,2.718496857,9.03311554,3.993395691
13.366814,1.11278595,15.92942459,-0.07843688965
13.376777,0.628692627,13.43620926,6.181395721
13.38674,4.559967499,6.748865662,6.77835434
13.396703,5.434449005,-11.11124405,17.13007782
13.406666,4.086352386,-4.891378326,9.922266541
13.416629,-0.6221063232,7.395221558,4.732558594
13.426592,-5.033283234,1.163231049,15.80623077
13.436555,-4.880900116,-5.385201416,21.88568848
13.446518,-4.142485657,4.039649506,15.48919006
13.456481,-5.330565033,8.736881561,13.33861221
13.466444,-2.493664398,3.814068604,13.66628082
13.476407,0.3535647583,3.100951538,10.02016296
13.48637,-0.5129832458,2.496658173,7.758067017
13.496333,-0.04041595459,7.30720459,2.963537292
13.506296,0.5128335571,2.705923004,7.909402313
13.516259,0.3299139404,1.97978302,6.079008636
13.526222,0.6349795532,2.234403534,5.641917572
13.536185,0.4703219604,2.280058594,7.800728302
13.546148,0.6783892822,2.549348602,8.024063873
13.556111,0.5040019226,3.35467392,8.250542908
13.566074,-0.3603007507,5.332361298,7.504644012
13.576037,-0.5228627014,6.069727936,8.951535187
13.586,0.1333726501,7.171137543,9.843380585
13.595963,0.08277786255,4.463717651,10.8810228
13.605926,-0.4180805969,3.421884155,8.823401642
13.615889,-0.2371069336,4.46850769,8.522976379
13.625852,0.5580395508,5.522016907,8.555009766
13.635815,1.547931061,4.437372437,9.499695282
13.645778,1.944755859,3.662882996,9.228159943
13.655741,2.105820923,5.821544037,8.824599152
13.665704,1.829794922,4.85934494,10.95586716
13.675667,1.799707489,4.27900177,10.54991135
13.68563,1.564546509,4.881947937,8.363557892
13.695593,1.201401672,3.174748077,9.548793182
13.705556,0.9021739197,3.32772995,9.377549286
13.715519,0.6710545349,3.375181274,8.618777161
13.725482,0.3885919189,3.383114777,8.15549057
13.735445,-0.1666035461,2.517614594,9.281898193
13.745408,0.06825805664,4.980143738,8.497379608
13.755371,0.185464325,4.129612427,9.680968323
13.765334,0.2471360779,1.737137604,10.06911118
13.775297,0.9737251282,2.115251312,10.51503387
13.78526,1.469943237,3.200045471,9.489067383
13.795224,0.8360115051,2.946772156,10.40351578
13.805186,-0.2417472839,2.167642365,11.48890869
13.81515,-1.130748596,2.364932098,9.331145782
13.825113,-2.001038818,2.836451569,9.391320648
13.835076,-1.844614105,3.703448639,9.867779846
13.845039,-2.163301392,3.871399384,8.518036652
13.855002,-2.128124542,3.556903381,8.075856171
13.864965,-1.772464142,4.487667847,7.828869781
13.874928,-2.389181671,3.357817383,9.470805359
13.884891,-1.834584961,3.303031311,9.976453857
13.894854,-1.578317871,5.806275787,7.648195496
13.904817,-2.033521271,4.075724487,7.520361328
13.91478,-1.679657135,2.68421814,9.242230682
13.924743,-1.993105316,4.546495514,8.917705536
13.934706,-1.680704956,5.649851074,8.559949493
13.944669,-0.7975415039,4.165088654,9.486971741
13.954632,-1.329984283,3.202290802,9.460027771
13.964595,-0.3188369751,2.132914581,14.38134384
13.974558,-1.232985992,5.212610321,10.19934036
13.984521,-0.7586224365,4.136797485,8.68793335
13.994484,-0.3366499329,1.644330597,11.01170105
14.004447,-0.1152603149,4.231550446,8.235574036
14.01441,-0.3330574036,6.174210663,6.579268341
14.024373,-0.06391708374,3.664080505,8.620423737
14.034336,-0.605640564,2.19743042,9.209897919
14.044299,-0.4400848389,2.619552612,9.613608398
14.05426212,-1.389111328,3.552861786,9.122479706
14.06422512,-0.8849597168,3.076252899,9.368268585
14.07418812,0.3873944092,3.697760468,8.467142487
14.08415113,0.310304718,2.890638885,9.183103638
14.09411413,0.08143066406,3.435056763,9.514664154
14.10407713,-0.2168989563,3.164569244,9.651779022
14.11404012,-0.04864883423,2.09324707,9.927505646
14.12400312,-0.4888833618,3.991300049,7.309449921
14.13396612,0.01092727661,4.095932465,9.328152008
14.14392912,-0.2148033142,4.381388855,9.04359375
14.15389212,-0.6650669861,3.623514862,7.804620209
14.16385512,-0.3688330078,1.458267517,10.30981064
14.17381813,-0.7891589355,3.774850159,8.223898315
14.18378113,-0.04894821167,3.839365997,8.773704987
14.19374412,0.07604187012,2.910846863,9.793085175
14.20370812,-0.1209484863,3.196602631,9.368567963
14.21367112,-0.4846920776,4.746629333,7.24044342
14.22363412,-0.2457888794,4.15266449,8.63060257
14.23359712,0.05328918457,3.931574249,9.454938354
14.24356012,0.1014889526,3.439098358,9.869127045
14.25352313,-0.8271798706,3.100203094,10.67026108
14.26348613,-1.023122406,4.718487854,8.58255249
14.27344912,-1.049018555,5.93111618,6.719975739
14.28341212,-0.9933343506,3.167862396,7.865244141
14.29337512,-1.36201767,1.46260849,10.15727783
14.30333812,-1.151255951,4.037853241,9.229207764
14.31330112,-1.306183777,5.207371216,8.159232788
14.32326412,-1.945504303,2.130519562,9.306297455
14.33322713,-1.813927917,2.935096436,7.922574921
14.34319013,-0.7933502197,3.434458008,8.552465057
14.35315313,-1.25783432,4.051474915,9.16289566
14.36311612,-1.142723694,1.61124939,14.23255325
14.37307912,-0.9627978516,4.668791199,8.743168488
14.38304212,-0.3453318787,4.993016968,5.953569489
14.39300512,-0.2013313293,2.932701416,9.468410339
14.40296812,-0.4034111023,5.023703156,6.372548218
14.41293112,-0.4784051514,3.662733307,7.14569046
14.42289413,-1.318607941,2.73451355,7.111711121
14.43285713,-1.404978333,4.934039612,6.976691895
14.44282012,-1.219813385,4.467609558,8.52522171
14.45278312,-0.9877958679,1.72591095,10.63268921
14.46274612,-0.1332229614,1.676663361,10.91215805
14.47271012,0.1817221069,4.279301147,8.401578827
14.48267312,-0.1486408997,5.073848877,7.324568481
14.49263612,-0.8017327881,2.585423584,8.996591492
14.50259913,-0.2891986084,3.557951202,8.280330963
14.51256213,-0.08382568359,2.456840973,10.82414108
14.52252512,-0.808768158,5.23850647,9.056317291
14.53248812,-0.5131329346,4.226161652,10.59811111
14.54245112,-0.1770817566,1.427731018,10.33765274
14.55241412,0.01481918335,3.234623566,8.430618439
14.56237712,-0.3144960022,5.617667999,7.691904602
14.57234012,-0.1278341675,2.328258362,11.09747269
14.58230313,0.3924838257,2.881507874,10.33765274
14.59226613,1.163231049,5.066364441,7.047794037
14.60222913,0.9190887451,3.829187164,8.209079132
14.61219212,0.07604187012,4.187991028,7.789052582
14.62215512,0.2782713318,1.739832001,9.325307922
14.63211812,0.07933502197,2.731220398,8.704548798
14.64208112,-0.2258802795,3.253634033,9.766889648
14.65204412,-1.000968475,3.620820465,9.286089478
14.66200712,-0.5887257385,5.145849152,8.146658936
14.67197113,0.4312532043,3.126847687,9.645192719
14.68193412,0.926124115,3.296894073,9.474397888
14.69189712,0.5742059326,3.732488251,10.11551468
14.70186012,0.03682342529,3.327879639,9.750723267
14.71182312,0.5125341797,5.091961212,7.761809235
14.72178612,0.6197113037,3.069965973,9.940977631
14.73174912,-0.1633103943,0.2387535095,12.05173828
14.74171213,-0.3815565491,6.076613617,5.791606293
14.75167513,-0.1182540894,2.268083496,10.086026
14.76163813,0.08666976929,-0.6439608765,13.11871948
14.77160112,0.8690927124,9.575288086,4.639452209
14.78156412,0.5980064392,4.603826294,7.996670837
14.79152712,0.7680528259,0.8065228271,10.98520615
14.80149012,0.001646575928,5.781277771,7.696095886
14.81145312,-0.7343728638,3.877237244,9.660760345
14.82141612,-0.873583374,3.242108002,9.642947388
14.83137913,-0.6658154297,2.771786041,9.244925079
14.84134213,-1.009500732,3.741170197,9.134305115
14.85130612,-1.081650696,5.278323669,7.972870331
14.86126912,-0.03607498169,3.107687531,10.04082001
14.87123212,-0.152233429,2.220332794,10.67714676
14.88119512,-0.7920030212,2.531835022,9.435329132
14.89115812,-1.065035248,3.836821289,8.967402191
14.90112112,-1.3947995,3.321742401,10.13317795
14.91108413,-1.207688599,2.679128723,10.22463776
14.92104713,-0.7198530579,3.027304688,9.69414093
14.93101012,-0.8714877319,3.029100952,9.478140106
14.94097312,-0.8809181213,3.67171463,7.82437912
14.95093612,-0.8713380432,2.88195694,8.195158081
14.96089912,-0.7429051208,1.936373291,9.117989044
14.97086212,-0.4444258118,3.721710663,8.944948883
14.98082512,-0.3623963928,3.828438721,9.457483063
14.99078813,-0.1255888367,3.818110199,9.25420578
15.00075213,-0.1573228455,3.251538391,9.253307648
15.01071512,-0.2100132751,2.536475372,10.01761826
15.02067812,-0.05733078003,4.658013611,8.360713806
15.03064112,0.1760339355,3.8565802,8.822054443
15.04060412,0.1842668152,2.840193787,9.828860779
15.05056712,-0.3400927734,4.051025848,8.947044525
15.06053017,-0.2799179077,4.924010468,7.513924713
15.07049317,0.3132984924,3.682492218,8.326884155
15.08045617,0.4917274475,3.391647034,8.112829285
15.09041917,-0.2082170105,2.615511017,9.174721069
15.10038217,0.04864883423,5.247637482,8.070467377
15.11034517,0.6228547668,4.903652802,8.961863708
15.12030817,0.4218228149,1.735041962,10.9486821
15.13027117,0.3752696228,4.006867676,8.033194885
15.14023417,0.254021759,4.314777374,8.071515198
15.15019817,0.4477189636,2.733166351,11.10136459
15.16016117,0.1067280579,2.59874588,11.43232635
15.17012417,-0.3445834351,3.550317078,9.81239502
15.18008717,-0.2868035889,4.907694397,8.225095825
15.19005017,-0.5472619629,3.054098969,9.952204285
15.20001317,-0.0940045166,5.028343506,7.389982452
15.20997617,0.7397616577,4.8559021,6.641239471
15.21993917,0.5195695496,1.295705566,9.587412872
15.22990217,0.07110214233,2.692151642,9.267677765
15.23986517,-0.07888595581,4.19008667,8.660091248
15.24982817,-0.2103126526,3.568579102,9.321865082
15.25979117,-0.8137078857,2.572550354,10.99254089
15.26975417,-0.6457571411,4.634063416,9.254355469
15.27971817,-0.1086740112,5.172194366,7.978408813
15.28968117,0.3698808289,3.854185181,9.913584595
15.29964417,0.47271698,2.952610016,10.90078171
15.30960717,0.2820135498,2.554737396,10.77624069
15.31957017,0.02185455322,3.97243927,9.356443176
15.32953317,0.08143066406,5.054389343,8.504714355
15.33949617,-0.04655319214,2.163900146,10.12075378
15.34945917,-0.6364764404,3.348686371,8.608598328
15.35942217,-0.9678872681,5.11680954,8.632398834
15.36938517,-1.176104279,4.506828003,8.265811157
15.37934817,-1.060245209,3.329526215,9.032367096
15.38931117,-1.115480347,2.966980133,9.101822662
15.39927517,-1.610500946,3.597319336,7.79039978
15.40923817,-1.862576752,4.545447693,9.399403839
15.41920117,-1.968256989,3.639830933,9.859996033
15.42916417,-0.6512956238,2.321821747,10.49901718
15.43912717,-1.186881866,3.242557068,9.420659637
15.44909017,-2.068847809,3.758534088,8.8412146
15.45905317,-0.9377998352,3.754193115,9.667346649
15.46901617,-0.3281176758,3.872896271,9.205556946
15.47897917,-0.8428971863,3.082390137,8.874894562
15.48894217,-1.003812561,2.014061737,9.905800781
15.49890517,-1.034648438,4.659510498,9.273964691
15.50886917,-0.8815168762,4.208498383,10.25068359
15.51883217,-1.480720825,2.829565887,9.828262024
15.52879517,-1.014290771,3.303480377,7.839946747
15.53875817,-1.390757904,2.331850891,7.86060379
15.54872117,-1.021924896,3.792363739,8.083939362
15.55868417,-1.059347076,3.624113617,8.904832306
15.56864717,-0.7929011536,2.703677673,8.892108765
15.57861017,-1.196461945,3.282224579,9.158554688
15.58857317,-1.408421173,3.336711273,9.516011353
15.59853617,-1.207239532,3.400328979,8.447832642
15.60849917,0.005987548828,2.590063934,9.847272491
15.61846317,0.02110610962,2.79768219,10.50769913
15.62842617,-0.2725831604,3.954177246,9.645192719
15.63838917,-0.8375083923,3.998335419,9.885143738
15.64835217,-0.5683680725,2.197280731,10.25801834
15.65831517,-0.5010081482,2.664608917,9.601034546
15.66827817,-0.7189549255,5.108876038,7.166347504
15.67824117,-0.9318122864,3.415746918,7.351811829
15.68820417,-0.9716294861,1.726509705,9.277407532
15.69816717,-0.8074209595,3.97827713,7.591313782
15.70813117,-0.8503816223,3.225342865,8.87743927
15.71809417,-1.425785065,2.866838379,10.28855484
15.72805717,-1.55855896,3.710184631,9.627080383
15.73802017,-1.077160034,3.243604889,10.11611343
15.74798317,-1.36201767,3.59687027,9.847122803
15.75794617,-1.35962265,3.926484833,8.960965576
15.76790917,-0.8424481201,2.894979858,10.55395294
15.77787217,-0.5379812622,4.157005463,8.413703613
15.78783517,-0.8027806091,3.85074234,8.886869659
15.79779817,-0.6861730957,3.907174988,8.994046783
15.80776217,0.2017803955,3.816463623,7.61137207
15.81772517,-0.3448828125,3.005599823,8.520880737
15.82768817,-0.536484375,3.824846191,7.456893311
15.83765117,-0.2755769348,1.616787872,10.024953
15.84761417,0.4141886902,2.963537292,9.530680847
15.85757717,0.09639953613,4.659809875,8.833131409
15.86754017,-0.4578977966,2.868335266,10.74435699
15.87750317,-0.09819580078,3.767515411,9.650282135
15.88746617,0.8078700256,3.533551941,9.238189087
15.89743017,0.9907896423,2.799179077,9.976453857
15.90739317,1.036594391,3.562741241,8.77684845
15.91735617,1.359472961,3.791315918,8.106991425
15.92731917,1.675316162,3.191513214,9.565558319
15.93728217,1.774260406,3.290158081,8.758436737
15.94724517,1.416354675,3.534599762,8.618178406
15.95720817,1.746717682,3.029100952,9.359886017
15.96717117,2.175725555,3.878584442,8.005951538
15.97713417,1.953886871,2.930306396,9.181756439
15.98709817,1.674717407,3.333268433,8.327782288
15.99706117,1.87215683,3.438649292,8.85992569
16.00702417,2.259251862,2.720293121,10.1523381
16.01698717,2.132764893,2.861000519,10.52850586
16.02695017,1.897154846,3.536396027,9.673483887
16.03691317,1.57143219,3.421135712,9.424850922
16.04687617,1.933978271,3.402125244,9.615853729
16.05683875,1.957928467,3.704646149,9.052275696
16.06680275,2.067350922,2.877615967,9.120234375
16.07676575,1.30932724,2.959944763,9.599088593
16.08672875,1.43925705,3.24585022,10.06132736
16.09669175,0.7159611511,3.155138855,10.10054581
16.10665475,0.2103126526,4.249962158,9.502090302
16.11661775,-0.2285746765,2.131268005,10.99149307
16.12658075,-0.4878355408,3.684138794,9.288035431
16.13654375,-1.023721161,4.792434082,7.861651611
16.14650775,-2.155367889,1.747466125,10.15308655
16.15647075,-1.477427673,3.766916656,8.643775177
16.16643375,-2.134411469,4.106410675,9.051676941
16.17639675,-2.173929291,3.022514648,9.435927887
16.18635975,-1.809886322,3.47517334,9.206904144
16.19632275,-1.516795807,2.825374603,9.766440582
16.20628575,-1.321452026,3.376229095,10.10817993
16.21624875,-1.229243774,4.738695831,9.50583252
16.22621275,-2.497107239,3.079546051,9.96328125
16.23617575,-2.440674591,2.48528183,8.85633316
16.24613875,-1.858235779,4.057163086,8.295150146
16.25610175,-1.559457092,3.955524445,8.957672424
16.26606475,-1.951192474,3.906276855,7.064708862
16.27602775,-1.552421722,2.372715912,9.37590271
16.28599075,-1.331630859,2.935545502,9.027277679
16.29595375,-1.011446686,3.862567749,8.487200775
16.30591775,-1.221010895,3.710184631,9.29746582
16.31588075,-1.093027039,2.414329376,9.880653076
16.32584375,-0.623303833,3.133733368,10.13796799
16.33580675,-0.6959028625,3.161725159,10.66172882
16.34576975,-1.115031281,2.014061737,10.33885025
16.35573275,-1.086740112,3.761677551,8.844807129
16.36569575,-1.597328339,3.556154938,9.385333099
16.37565975,-1.062789917,3.962260437,8.156089325
16.38562275,-1.43805954,3.447480927,9.006620636
16.39558575,-1.300196228,3.183879089,8.227191467
16.40554875,-1.162931671,3.782035217,7.244185638
16.41551175,-1.531914368,3.53714447,8.68553833
16.42547475,-1.502126312,3.268602905,9.898016968
16.43543775,-0.8589138794,2.779869232,9.989476776
16.44540175,-1.009351044,2.479743347,10.30187714
16.45536475,-1.033450928,4.608616333,8.96171402
16.46532775,-0.4676275635,4.666545868,8.805139618
16.47529075,-0.4326004028,3.287164307,8.463549957
16.48525375,-0.3504212952,3.162922668,8.107889557
16.49521675,-0.1357676697,2.776276703,8.852740631
16.50517975,-0.3164419556,3.365002441,9.132209473
16.51514375,-0.1324745178,3.971541138,8.407566376
16.52510675,-0.4863386536,3.092119904,9.424401855
16.53506975,-0.9692344666,2.855312347,9.645492096
16.54503275,-0.5258564758,3.867956543,8.204289093
16.55499575,-0.3338058472,6.022875366,6.10550354
16.56495875,-0.4192781067,2.449655914,9.995464325
16.57492175,-0.2878514099,1.82769928,10.06956024
16.58488575,-0.1981878662,4.408183136,8.404422913
16.59484875,-0.1579216003,4.713697815,8.544381866
16.60481175,0.09340576172,3.622317352,8.719966736
16.61477475,-0.168848877,2.763403473,8.599766693
16.62473775,0.05598358154,2.978805542,10.47925827
16.63470075,0.3294648743,4.903652802,9.125323792
16.64466375,0.6236032104,3.90343277,9.744735718
16.65462775,0.7093748474,1.708097992,11.52618118
16.66459075,0.7366181946,3.509751434,9.334888
16.67455375,0.7556286621,4.953199768,8.080795898
16.68451675,0.5060975647,3.798800354,9.888287201
16.69447975,0.7234455872,3.540287933,9.366472321
16.70444275,0.5421725464,1.886377258,10.39498352
16.71440675,0.7596702576,4.696034546,6.751859436
16.72436975,0.6400689697,5.011877747,7.576943665
16.73433275,0.1673519897,2.639161835,9.443262634
16.74429575,0.2965333557,3.852987671,8.406817932
16.75425875,0.2558180237,3.101699982,9.602980499
16.76422175,0.4369413757,3.093018036,9.816137238
16.77418575,0.8285270691,2.518363037,10.33256332
16.78414875,0.9800120544,3.865860901,9.141041107
16.79411175,1.374591522,4.058210907,9.472302246
16.80407475,1.265019379,4.514761505,8.843010864
16.81403775,0.2595602417,4.469256134,9.503736877
16.82400075,0.05733078003,4.370461578,8.866661682
16.83396475,-0.2854563904,3.776496735,7.430847473
16.84392775,0.2154020691,3.847000122,7.402256927
16.85389075,-0.03278182983,4.430636444,7.624993744
16.86385375,-0.05448669434,3.552263031,8.729097748
16.87381675,-0.457149353,3.024011536,8.988208923
16.88377975,-0.3592529297,3.29030777,9.276659088
16.89374375,-0.6077362061,3.196153564,9.222771149
16.90370675,-0.8863069153,3.198847961,10.53299652
16.91366975,-0.2251318359,4.52239563,10.05668701
16.92363275,-0.6712042236,3.725901947,10.21251297
16.93359575,-1.013542328,2.909050598,11.5378569
16.94355875,-0.4860392761,4.847519531,9.072633362
16.95352275,-0.6737489319,3.338806915,9.394763489
16.96348575,-0.8583151245,2.861000519,8.478219452
16.97344875,-0.3005749512,3.76886261,8.435707855
16.98341175,-0.06047424316,2.395618286,10.69795349
16.99337475,-0.1299298096,3.881428528,8.111182709
17.00333775,-0.456101532,2.323019257,9.079519043
17.01330175,-0.5843847656,3.567531281,8.308173065
17.02326475,-1.232985992,3.701053619,8.972042542
17.03322775,-1.150357819,3.721710663,7.931705933
17.04319075,-0.7156617737,3.943699036,9.432934113
17.05315375,-0.1932481384,3.104544067,9.2857901
17.063117,0.1276844788,2.924917603,8.71951767
17.073081,-0.1450483704,3.078198853,9.185947723
17.083044,-0.314046936,3.477268982,8.507857819
17.093007,-0.3017724609,2.491419067,9.46601532
17.10297,-0.3487747192,2.978356476,10.31340317
17.112933,-0.2507286072,3.664529572,9.29866333
17.122897,-0.2294728088,3.617976379,8.288713531
17.13286,0.02484832764,4.651726685,7.773784332
17.142823,-0.1633103943,2.646197205,8.743467865
17.152786,-0.1389111328,4.124672699,7.40779541
17.162749,0.1553768921,3.652404785,9.56900116
17.172712,-0.2351609802,1.413809967,11.85295166
17.182676,0.1622625732,3.079096985,9.967472534
17.192639,-0.08562194824,4.37255722,9.769584045
17.202602,-0.09355545044,4.239783325,9.570348358
17.212565,0.3806584167,4.664450226,7.930059357
17.222528,0.4113446045,3.973936157,7.942782898
17.232492,0.192948761,2.637215881,7.692203979
17.242455,0.3118016052,2.635868683,8.456664276
17.252418,0.3195854187,3.560346222,11.77077255
17.262381,-0.1930984497,3.877985687,11.07352249
17.272344,-0.6719526672,1.747166748,12.06730591
17.282308,0.3186872864,3.506607971,9.895023193
17.292271,0.7623646545,5.009632416,6.462211761
17.302234,-0.1788780212,2.300565948,9.178762665
17.312197,-0.1279838562,2.054477692,8.153694305
17.32216,0.04071533203,2.352507935,8.330925751
17.332124,-0.05358856201,5.701194305,8.365503845
17.342087,-0.9927355957,3.835174713,10.61322968
17.35205,-0.5001100159,1.781146088,11.29625931
17.362013,0.8315208435,2.867736511,10.50365753
17.371976,0.5698649597,3.991749115,9.240434418
17.38194,-0.2803669739,4.068090363,9.139693909
17.391903,-0.7918533325,5.354066162,8.73942627
17.401866,-0.4942721558,3.363206177,9.173373871
17.411829,-0.5054988098,3.493585052,7.657625885
17.421792,-0.3174897766,2.831362152,9.123377838
17.431756,0.254021759,3.098556519,8.918453979
17.441719,0.3902384949,4.51296524,8.162975006
17.451682,-0.04640350342,3.830534363,8.24440567
17.461645,-0.3106040955,2.744542694,9.497749329
17.471608,0.05912704468,3.412753143,10.30142807
17.481572,0.199385376,4.5387117,9.91178833
17.491535,-0.3326083374,2.636617126,10.41025177
17.501498,-0.5125341797,1.638343048,10.32657578
17.511461,0.68332901,4.213138733,7.328161011
17.521424,0.1422042847,3.984863434,8.913514252
17.531388,-0.1794767761,4.48257843,8.615034943
17.541351,0.7379653931,4.130660248,8.140521698
17.551314,0.8126600647,2.67134491,9.266779633
17.561277,0.3113525391,3.765868835,8.475674744
17.57124,0.2472857666,1.831441498,9.29282547
17.581204,0.7083270264,2.118694153,9.09852951
17.591167,0.9074130249,3.291205902,9.637708282
17.60113,0.3873944092,2.808609467,11.10360992
17.611093,0.918639679,5.528902588,8.456813965
17.621057,1.095272369,3.157982941,10.99179245
17.63102,1.196911011,1.412911835,11.67601959
17.640983,1.465452576,6.110892334,6.214027863
17.650946,1.241967316,4.10461441,8.148305511
17.660909,1.514251099,1.041085052,11.03415436
17.670873,0.693507843,2.505789185,9.567953339
17.680836,0.2646496582,4.730912018,8.711584167
17.690799,0.6424639893,3.122057648,10.32313293
17.700762,1.601968689,4.205205231,8.513695679
17.710726,1.02387085,4.135001221,9.161398773
17.720689,0.4412823486,2.966082001,8.8504953
17.730652,0.03712280273,2.664758606,9.889634399
17.740615,0.366587677,4.237837372,7.752528534
17.750578,0.593815155,3.832779694,7.612120514
17.760542,0.1969903564,0.5879772949,12.08302322
17.770505,0.6471043396,6.005361786,7.852370911
17.780468,0.7924520874,4.540507965,8.535550232
17.790431,0.6280938721,0.560584259,11.57527908
17.800395,1.130149841,2.463277588,9.329349518
17.810358,0.7899073792,4.331841888,9.912087708
17.820321,0.4712200928,3.564537506,9.962233429
17.830284,0.3600013733,2.587369537,10.30262558
17.840247,1.025367737,3.929478607,9.457632751
17.850211,0.8872050476,3.598217468,8.115074615
17.860174,0.35102005,4.055815887,6.354435883
17.870137,0.01107696533,2.341430969,7.642207947
17.8801,0.3517684937,2.220482483,7.93784317
17.890064,0.4878355408,3.77006012,7.69684433
17.900027,-0.2356100464,3.658542023,9.718989258
17.90999,-0.02290237427,2.024839325,11.95683563
17.919953,0.5252577209,2.447560272,10.89569229
17.929917,1.254990234,2.896327057,10.9446405
17.93988,0.9125024414,4.910239105,9.730066223
17.949843,0.7611671448,5.350174255,7.892786865
17.959806,0.3460803223,2.216889954,9.554181976
17.969769,-0.01362167358,4.653672638,7.404502258
17.979733,-0.009280700684,4.398004303,7.184160461
17.989696,0.1954934692,1.700613556,9.887538757
17.999659,0.2820135498,1.912572784,9.031468964
18.009622,-0.02469863892,2.958896942,8.561596069
18.019586,-0.2978805542,4.423301697,9.428293762
18.029549,-0.2014810181,3.242557068,10.6740033
18.039512,0.180075531,2.539020081,11.29251709
18.049475,0.5162763977,4.303401031,10.29963181
18.05943875,1.138083344,3.955973511,9.489067383
18.06940175,0.5319937134,3.764521637,9.23309967
18.07936475,0.4834945679,4.727469177,7.656278687
18.08932775,-0.1089733887,3.891457672,7.664960632
18.09929175,0.4300556946,3.568579102,6.475833435
18.10925475,0.4505630493,2.723286896,7.640860748
18.11921775,0.8675958252,3.809278564,8.928333435
18.12918075,0.9684860229,3.216960297,8.668922882
18.13914475,0.6411167908,0.3453318787,11.49265091
18.14910775,0.3074606323,3.61558136,8.736432495
18.15907075,0.6271957397,5.175637207,8.179440765
18.16903375,0.08412506104,2.421364746,11.44145737
18.17899775,0.5951623535,3.52307373,9.916129303
18.18896075,0.9563612366,4.5785289,10.201436
18.19892375,0.2368075562,3.017125854,10.64002396
18.20888675,0.2270777893,3.698209534,9.032217407
18.21885075,0.5782475281,4.055965576,8.425978088
18.22881375,0.3764671326,2.88195694,7.395371246
18.23877675,0.2037263489,1.894759827,9.235943756
18.24873975,0.8219407654,3.74072113,7.945626984
18.25870375,0.7521858215,4.93778183,6.850354614
18.26866675,0.1029858398,2.773282928,10.7204068
18.27862975,-0.1824705505,3.861819305,8.573122101
18.28859275,-0.1300794983,2.656226349,10.03872437
18.29855675,-0.5840853882,2.888243866,10.64017365
18.30851975,0.3032693481,4.171525269,9.837842102
18.31848275,0.5028044128,3.528163147,10.0515976
18.32844675,0.08502319336,4.031716003,8.331823883
18.33840975,0.01781295776,3.73368576,9.803114319
18.34837275,0.2139051819,3.975582733,9.768236847
18.35833575,-0.1478924561,3.276087341,7.667205963
18.36829975,-0.65758255,1.424437866,10.71471863
18.37826275,-0.5508544922,3.778143311,9.056616669
18.38822575,-0.5246589661,4.73420517,8.980574799
18.39818875,-0.3763174438,4.327650604,9.541757812
18.40815275,-0.4616400146,2.783012695,8.967252502
18.41811575,-0.6993457031,3.560196533,7.878117371
18.42807875,-0.7975415039,3.279230804,8.400980072
18.43804175,-0.892893219,2.624642029,9.690548401
18.44800575,-0.5243595886,3.814068604,8.458460541
18.45796875,-1.294957123,3.873195648,8.753646698
18.46793175,-1.472338257,3.564836884,9.936936035
18.47789575,-0.8225395203,3.664529572,8.84705246
18.48785875,-0.2850073242,2.964734802,10.80692688
18.49782175,-0.2357597351,2.266736298,10.40426422
18.50778475,-0.1248403931,2.967578888,9.098080444
18.51774875,-0.6773414612,3.402723999,9.315428467
18.52771175,-0.9044192505,3.673211517,8.774303741
18.53767475,-0.8649014282,3.97243927,7.549550629
18.54763875,-0.7776329041,3.534150696,7.76001297
18.55760175,-0.6879693604,2.808459778,8.642877045
18.56756475,-0.4257147217,3.41784256,8.971743164
18.57752775,-0.264200592,3.539389801,9.012159119
18.58749175,-0.8134085083,1.922751617,10.39872574
18.59745475,-0.4872367859,3.5301091,10.05668701
18.60741775,-0.01766326904,3.381468201,10.90991272
18.61738075,0.1359173584,3.943100281,11.17665802
18.62734475,-0.2025288391,3.592080231,9.920470276
18.63730775,-0.8960366821,3.094215546,9.245673523
18.64727075,-0.2519261169,3.928281097,8.968300323
18.65723475,-0.1137634277,3.771856384,8.014034729
18.66719775,0.1550775146,3.590882721,7.45105545
18.67716075,0.3218307495,2.073039093,9.150321808
18.68712475,-0.1258882141,2.897973633,9.731263733
18.69708775,-0.1615141296,4.647236023,7.828121338
18.70705075,-0.0672102356,2.508483582,10.19724472
18.71701375,0.09490264893,3.268752594,9.31976944
18.72697775,-0.7762857056,3.09137146,10.27882507
18.73694075,-0.6518943787,3.809577942,9.456135864
18.74690375,0.3082090759,4.245920563,8.973539429
18.75686775,0.1868115234,2.435136108,9.705068207
18.76683075,-0.3378474426,3.222049713,8.963659973
18.77679375,0.0130229187,4.844525757,7.540120239
18.78675675,-0.3597019958,2.55548584,9.029373322
18.79672075,-0.4328997803,2.489173737,10.06671616
18.80668375,-0.2671943665,4.81952774,7.26618988
18.81664675,-0.4492158508,3.410507812,8.697663116
18.82661075,-0.2171983337,2.206711121,11.16857483
18.83657375,-0.8216413879,4.344415741,8.706195374
18.84653675,-1.407073975,3.021616516,9.235794067
18.85650075,-1.017284546,3.049308929,9.771230621
18.86646375,-0.1104702759,4.505181427,8.7522995
18.87642675,-0.7753875732,3.318898315,8.844507751
18.88638975,-1.018931122,3.082240448,8.88567215
18.89635375,-0.3372486877,4.02393219,8.998537445
18.90631675,-0.1978884888,3.957919464,8.941955109
18.91627975,-0.7220983887,2.668051758,9.402696991
18.92624375,-0.582588501,2.708916779,9.481133881
18.93620675,-0.1408570862,2.776725769,9.917177124
18.94616975,-0.5393284607,3.469934235,10.56203613
18.95613375,-0.7893086243,4.447401581,10.2943927
18.96609675,-0.3884422302,3.425626373,8.826545105
18.97605975,-0.273331604,2.834804993,8.451275482
18.98602375,-0.4269122314,3.403921509,8.055199127
18.99598675,-0.3649411011,3.099903717,8.675658875
19.00594975,0.1550775146,3.259172516,8.828491058
19.01591375,-0.1510359192,2.888842621,9.664502563
19.02587675,-0.1930984497,3.748355255,8.607251129
19.03583975,0.8692424011,3.823199615,9.74683136
19.04580275,1.90957901,2.681074677,11.11019623
19.05576675,1.231938171,3.747906189,10.28286667
19.06572975,1.274449768,4.345463562,8.12270874
19.07569275,1.08000412,3.492537231,8.801846466
19.08565675,1.75390274,3.905678101,9.091344452
19.09561975,1.409319305,4.476441193,7.450606384
19.10558275,1.057550812,3.518882446,7.712411957
19.11554675,1.148411865,4.13036087,7.330855408
19.12550975,1.423539734,3.11592041,8.774303741
19.13547275,1.29645401,2.913990326,10.0846788
19.14543675,0.1615141296,3.152444458,9.647887115
19.15539975,0.5234614563,2.808010712,9.888287201
19.16536275,0.6647676086,1.933229828,11.95384186
19.17532675,0.7993377686,5.637576599,9.232351227
19.18528975,0.0122744751,3.396886139,10.82967957
19.19525275,-0.3165916443,3.597169647,9.480984192
19.20521675,-0.365539856,3.95372818,7.757019196
19.21517975,-0.5909710693,3.598217468,7.614515533
19.22514275,-0.3086581421,3.499572601,8.298892365
19.23510675,0.03382965088,2.953807526,8.276588745
19.24506975,-0.3327580261,2.122885437,8.844358063
19.25503275,-0.6397695923,2.732417908,10.13093262
19.26499675,-0.4140390015,3.096460876,10.4749173
19.27495975,-0.3585044861,3.498674469,9.430988159
19.28492275,-1.288520508,1.938618622,11.52947433
19.29488675,-0.8373587036,4.693340149,8.560248871
19.30484975,-0.4480183411,4.405039673,7.730524292
19.31481275,-0.3348536682,2.321222992,9.48936676
19.32477675,-0.1802252197,2.18216217,9.322164459
19.33473975,-0.2812651062,3.354823608,8.535849609
19.34470275,-0.1225950623,2.938239899,10.66457291
19.35466675,-0.8946894836,2.44082428,10.67774551
19.36462975,-0.5342390442,3.638783112,8.914711761
19.37459275,-0.9114546204,4.260739746,7.912695465
19.38455675,-0.5081932068,3.253634033,8.666677551
19.39451975,-0.9157955933,4.15610733,7.581584015
19.40448275,-0.6273454285,3.028352509,8.279133453
19.41444675,-0.4514611816,3.548371124,7.659571838
19.42440975,-0.4087998962,3.680695953,8.797355804
19.43437275,-0.3357518005,3.673810272,8.832832031
19.44433675,-0.4342469788,3.095263367,10.73028625
19.45429975,-0.576151886,3.444337463,9.237141266
19.46426375,0.01646575928,4.683161316,8.889414368
19.47422675,0.06586303711,3.285966797,11.28997238
19.48418975,0.3013233948,3.121458893,9.796677704
19.49415375,0.3451821899,4.361330566,8.088430023
19.50411675,-0.4182302856,3.946393433,8.994645538
19.51407975,0.273331604,3.333118744,9.674382019
19.52404375,0.4707710266,3.976031799,8.508007507
19.53400675,0.3294648743,2.59994339,10.00564316
19.54396975,0.07858657837,3.247945862,8.737630005
19.55393375,0.2212399292,3.451522522,8.107590179
19.56389675,-0.1028361511,3.72440506,8.082592163
19.57385975,-0.277073822,2.537074127,9.862391052
19.58382375,0.1324745178,4.242328033,7.427404633
19.59378675,0.5141807556,1.85808609,11.31272507
19.60374975,0.8858578491,2.118095398,13.3414563
19.61371375,1.595232697,4.169878693,11.18728592
19.62367675,1.347797241,4.338278503,8.201295319
19.63364075,0.692460022,3.754941559,9.940827942
19.64360375,0.04864883423,4.496948547,8.047115936
19.65356675,-0.3945794678,4.733756104,6.774013367
19.66353075,-0.2186952209,1.056353302,10.7190596
19.67349375,0.5519023132,3.029999084,6.705605621
19.68345675,0.2851570129,4.63466217,7.537425842
19.69342075,0.01871109009,2.156266022,10.02779709
19.70338375,0.1086740112,2.254162445,8.693022766
19.71334775,0.8268804932,4.165687408,9.195228424
19.72331075,0.3109034729,3.466341705,10.02151016
19.73327375,0.7873626709,4.05312149,9.638756104
19.74323775,0.2576142883,2.381846924,11.91103088
19.75320075,-0.1737886047,3.576512604,9.451345825
19.76316375,-0.8405021667,3.330424347,9.832752686
19.77312775,-0.2897973633,3.203787689,9.253457336
19.78309075,0.3385958862,3.964655457,9.098828888
19.79305475,-0.2496807861,3.577410736,7.985593872
19.80301775,-0.6230044556,2.166893921,9.420060883
19.81298075,-0.1537303162,5.126688995,7.161707153
19.82294475,0.01841171265,3.693120117,8.943152618
19.83290775,-0.715512085,1.473984833,11.46376099
19.84287075,-0.4023632813,2.389930115,10.04276596
19.85283475,-0.2344125366,4.383933563,8.366252289
19.86279775,-0.03278182983,3.814667358,9.82167572
19.87276175,0.337098999,5.119354248,9.162296906
19.88272475,0.3017724609,4.713997192,8.511300659
19.89268775,-0.3701802063,0.912203064,10.29349457
19.90265175,-0.2704875183,4.772226105,7.351961517
19.91261475,-0.539178772,3.187471619,9.067843323
