Time (s),Latitude (°),Longitude (°),Height (m),Velocity (m/s),Direction (°),Horizontal Accuracy (m),Vertical Accuracy (°)
0.02928006649,26.18713453,91.70030235,48.22371555,,,211.5369894,36.48956552
2.321950674,26.18715054,91.70045501,66.08562028,1.252514839,,29.47496633,32.29290009
3.321962833,26.18709383,91.70043377,52.64223288,1.451896548,,18.94862388,53.65662766
4.321975112,26.1870858,91.70044001,53.03821964,1.451896548,,14.41244799,28.3994236
5.321988583,26.18706785,91.70045886,53.05913813,2.158345938,,20.54224439,54.69750214
6.322000861,26.18705759,91.70047258,53.05682257,2.321969509,,14.57734091,37.15816879
7.322013378,26.18703053,91.70050827,53.0371289,2.461178303,,13.29225163,27.50643539
8.321935773,26.18700549,91.7005293,53.04395633,2.461178303,,13.68134725,23.94959068
9.321930051,26.18698513,91.70053931,53.03024097,2.926658869,,13.2388575,18.47231293
10.32194269,26.18696542,91.70055644,53.06624398,3.161534071,,13.10994001,27.89666748
11.32193637,26.18694273,91.70057306,53.09933356,3.256167173,,12.99880252,26.9201889
12.32192945,26.18692213,91.70059023,53.14718435,3.256167173,140.9913876,13.10225228,25.46573448
13.32194161,26.18687801,91.70059416,53.15196943,2.876525879,153.1056707,6.449081736,15.62795067
14.32193458,26.18685485,91.70060718,53.15196915,2.876525879,153.1056764,6.449081736,15.62795067
15.32192636,26.18681997,91.700599,53.15244765,2.876525879,175.2938281,6.928311751,17.29086685
16.32193887,26.1867826,91.70057865,53.15249565,3.184699297,203.4764561,6.449069316,8.807672501
17.32192993,26.18675888,91.70055374,53.15250046,3.2320714,218.8080964,6.929495306,21.54502678
18.32192028,26.18672486,91.70053521,53.15250132,3.903985739,208.5857491,6.932066227,22.77139664
19.32193279,26.18669442,91.7005121,53.15456542,3.619014502,214.0612652,6.433134323,17.04896164
20.32192123,26.18666772,91.70048885,53.18244838,3.619014502,217.302558,6.331489964,22.54296875
21.32190871,26.18664257,91.7004658,53.22867988,3.619014502,219.2611007,6.59831683,54.13564301
22.32192135,26.18658995,91.70046369,53.06519691,3.665347815,216.6635082,4.74865153,3.0
23.32193422,26.18657162,91.70044215,52.89342825,3.665347815,215.514821,4.74865153,3.181633574
24.32194674,26.18655064,91.70042238,52.58731804,3.448348999,216.6048785,4.74865153,3.389151372
25.32195842,26.18652611,91.7004019,52.65649347,3.262815952,217.1446824,4.74865153,3.565788697
26.32197106,26.18650105,91.70038207,52.37688457,3.088170052,212.1636454,4.74865153,3.620188525
27.32198381,26.18647301,91.70035476,52.20722956,3.443241358,210.2667239,4.74865153,4.007158339
28.32199574,26.18644331,91.70033043,51.72535827,3.336434364,209.4036616,4.74865153,4.117324926
29.32200873,26.18640957,91.70030018,51.98562076,3.341056824,212.3748069,4.74865153,4.279846961
30.32202184,26.18638247,91.70027608,51.92120851,3.419061661,211.737919,4.74865153,4.249670518
31.32203424,26.18635854,91.70025885,52.02092468,3.419061661,209.5492947,4.74865153,4.171184661
32.32204628,26.18634175,91.70023716,51.91673116,3.364213705,222.1366615,4.74865153,3.953887939
33.32205892,26.18631579,91.7002151,51.7254091,3.364213705,219.2014429,4.74865153,3.709593508
34.32207096,26.18629161,91.70016775,53.73997867,3.773650464,215.3730425,6.181112214,3.709816047
35.36008382,26.18627128,91.70013545,53.77565456,3.845533476,225.8998916,6.063837343,3.322696021
36.36009634,26.18624391,91.70011139,53.6893735,3.774527551,222.2071547,6.861497577,3.77681424
37.36010981,26.18621309,91.70008839,53.80702366,3.887928202,213.5693656,6.861497601,6.27281246
38.3601222,26.18618095,91.70006806,54.55561828,3.988268911,212.0202916,6.925790163,6.235499069
39.36013424,26.18615399,91.70004139,54.65696929,3.910546568,216.4795705,6.951351282,6.302428827
40.36014712,26.18613214,91.70001465,54.58806487,3.717895514,223.5132353,7.282332561,6.666748883
41.36015892,26.18610605,91.69998925,54.78105318,3.686924468,222.5607472,7.076154694,6.520562318
42.36017144,26.18607806,91.69996679,54.83047932,3.739189676,217.645811,6.907074352,6.416309949
43.36018455,26.18604851,91.69994651,55.13991386,3.739589575,214.6286558,6.836587879,6.364908581
44.36019647,26.18601871,91.6999262,55.10723694,3.664172178,213.763593,6.807624093,6.447917121
45.36020935,26.18599998,91.69990969,54.96571554,2.979573766,216.5859382,6.646676579,6.337233806
46.36022127,26.18598312,91.69989457,54.93590793,2.594638651,219.570234,7.227474412,6.918522508
47.36023414,26.18596237,91.69988136,55.53116755,2.577520883,217.042516,7.234887034,6.967176471
48.3602469,26.18594014,91.69986717,55.99006864,2.727542794,215.4295293,7.022410711,6.644051001
49.36025906,26.18591451,91.69984393,56.4384196,3.245761969,218.3224598,6.991976289,6.56810885
50.3602711,26.18589029,91.69982186,56.45640388,3.399440179,218.9820447,7.031878496,6.614871745
51.36028314,26.18586108,91.69979998,56.63556818,3.629980294,215.8623518,7.056301733,6.629255252
52.3602947,26.18583159,91.69977784,56.54104435,3.761321735,215.3885788,7.232266971,6.730912391
53.36030746,26.1858031,91.69975315,56.91586705,3.88341572,216.7409452,7.290498886,6.780029371
54.36031973,26.1857794,91.69972982,57.10442801,3.706501343,219.5233661,7.306615491,6.735263311
55.36033118,26.18574603,91.69970105,57.16949086,4.116569608,219.8723918,7.323110834,6.690040904
56.36034358,26.18571769,91.69967561,56.60491827,4.03779679,219.7912421,7.235537061,6.807718269
57.36035538,26.18568906,91.69965043,56.75816331,3.943378991,221.055794,7.089462539,7.059855277
58.36036801,26.18565914,91.69962288,56.4177857,4.079502314,220.4004199,7.012578154,6.979326145
59.36038053,26.18562498,91.69959671,55.75073537,4.272244463,217.9561016,6.971014785,6.948740577
60.36039305,26.18559575,91.69957155,55.91015899,4.077782889,218.2144653,6.951527465,7.002671039
