photo,time
IMG_2524.jpg,2026:09:27 14:33:56
IMG_2525.jpg,2026:09:27 14:37:08
IMG_2526.jpg,2026:09:27 14:37:56
IMG_2527.jpg,2026:09:27 14:45:39
IMG_2528.jpg,2026:09:27 14:46:00
IMG_2529.jpg,2026:09:27 14:46:01
IMG_2530.jpg,2026:09:27 14:47:28
IMG_2531.jpg,2026:09:27 14:48:02
IMG_2532.jpg,2026:09:27 14:48:03
IMG_2533.jpg,2026:09:27 14:49:22
IMG_2534.jpg,2026:09:27 14:49:23
IMG_2535.jpg,2026:09:27 14:49:59
IMG_2536.jpg,2026:09:27 14:49:59
IMG_2537.jpg,2026:09:27 14:50:42
IMG_2538.jpg,2026:09:27 14:50:43
IMG_2539.jpg,2026:09:27 14:53:11
IMG_2541.jpg,2026:09:27 14:54:23
IMG_2542.jpg,2026:09:27 14:55:57
IMG_2543.jpg,2026:09:27 14:56:43
IMG_2544.jpg,2026:09:27 14:56:45
IMG_2545.jpg,2026:09:27 14:58:12
IMG_2546.jpg,2026:09:27 14:59:37
IMG_2547.jpg,2026:09:27 14:59:38
