Timestamp,Which of the 3 roads do you use the most?,How do you usually travel on these roads,When do you use them the most?,Which road feels the worst to use?,"Have you ever fallen, been injured while walking/cycling or suffered waterlogging and eventual splashing during rainy season?",Any other suggestion on campus roads?
9/26/2026 15:46:46,"Brahmaputra to Core 5 ( Backside ), Core 5 to Library, Library to New Sac",Cycle,"Morning( before 10 am ), Evening/night ( after 6 pm )",Brahmaputra to Core 5 ( Backside ),No,
9/26/2026 16:00:12,"Brahmaputra to Core 5 ( Backside ), Core 5 to Library",Cycle,Afternoon ( 2 to 6 pm ),Brahmaputra to Core 5 ( Backside ),Yes,
9/26/2026 16:04:05,Brahmaputra to Core 5 ( Backside ),Cycle,Midday ( 10 am to 2 pm ),Other,No,
9/26/2026 16:35:57,"Brahmaputra to Core 5 ( Backside ), Core 5 to Library, Library to New Sac",Mix of all,"Midday ( 10 am to 2 pm ), Afternoon ( 2 to 6 pm )",Brahmaputra to Core 5 ( Backside ),No,
9/26/2026 16:37:15,Core 5 to Library,Cycle,"Morning( before 10 am ), Midday ( 10 am to 2 pm )",Serpentine to Faculty Market,Yes,
9/26/2026 17:26:28,Core 5 to Library,Cycle,Midday ( 10 am to 2 pm ),New Sac to Serpentine,Yes,Waterlogging is prevalent 
9/26/2026 17:33:42,"Brahmaputra to Core 5 ( Backside ), Core 5 to Library, Library to New Sac",Mix of all,"Midday ( 10 am to 2 pm ), Evening/night ( after 6 pm )",Core 5 to Library,Yes,
9/26/2026 17:34:52,"Core 5 to Library, Library to New Sac, New Sac to Serpentine",Cycle,Afternoon ( 2 to 6 pm ),Core 5 to Library,Yes,
9/27/2026 11:04:48,"Brahmaputra to Core 5 ( Backside ), Core 5 to Library, Library to New Sac",Walk,Morning( before 10 am ),Brahmaputra to Core 5 ( Backside ),Yes,Nothing 
9/27/2026 12:28:35,Brahmaputra to Core 5 ( Backside ),Cycle,Midday ( 10 am to 2 pm ),Brahmaputra to Core 5 ( Backside ),Yes,